Sample,Clostridium_tertium,Clostridium_paraputrificum,Collinsella_SGB47280,Clostridium_neonatale,Clostridioides_difficile,Escherichia_coli,Bifidobacterium_breve,Dysgonomonas_capnocytophagoides,Enterococcus_faecalis,Citrobacter_rodentium,Citrobacter_freundii,Klebsiella_oxytoca,Clostridium_butyricum,Escherichia_marmotae,Clostridium_perfringens,Veillonella_parvula,Varibaculum_cambriense,Peptoniphilus_harei,Klebsiella_michiganensis,Finegoldia_magna,Proteus_mirabilis,Morganella_morganii,Gleimia_europaea,Negativicoccus_succinicivorans,Anaerococcus_obesiensis,Peptoniphilus_lacydonensis,Streptococcus_gordonii,Staphylococcus_aureus,Anaerococcus_hydrogenalis,Cutibacterium_acnes,Streptococcus_thermophilus,Fusobacterium_nucleatum,GGB9832_SGB15480,Clostridium_SGB65123
GF2_A1_d37,20.71437,18.79758,14.07851,11.16201,10.7386,9.13892,8.1913,4.00587,1.7272,1.4388,0.00684,0,0,0,0,0,0,0,0,0,0,0,0,0,0,0,0,0,0,0,0,0,0,0
GF2_A1_d39,21.40353,9.95083,48.8029,8.57983,3.20113,3.20354,0.07732,0,0.37977,3.49503,0.10119,0.56177,0.24315,0,0,0,0,0,0,0,0,0,0,0,0,0,0,0,0,0,0,0,0,0
GF2_A1_day28,0,0,0,0,0,89.76057,0,0,0,0,10.23943,0,0,0,0,0,0,0,0,0,0,0,0,0,0,0,0,0,0,0,0,0,0,0
GF2_A1_day29,0,0.72464,0,0,0.99123,82.15299,1.01016,0,1.46092,0,13.62988,0,0,0.03019,0,0,0,0,0,0,0,0,0,0,0,0,0,0,0,0,0,0,0,0
GF2_A1_day30,0,0,0,0,0,84.9591,0,0,0,0,15.0409,0,0,0,0,0,0,0,0,0,0,0,0,0,0,0,0,0,0,0,0,0,0,0
GF2_A1_day31,0,0,0,0,0,83.83685,0,0,2.23375,0,13.9294,0,0,0,0,0,0,0,0,0,0,0,0,0,0,0,0,0,0,0,0,0,0,0
GF2_A1_day32,0,0,0,0,0,76.11951,0.93006,2.11102,7.36537,0,13.47405,0,0,0,0,0,0,0,0,0,0,0,0,0,0,0,0,0,0,0,0,0,0,0
GF2_A1_day41,6.71893,16.21025,26.13669,16.96476,2.94628,1.46835,5.11866,0.08093,0,14.78662,0,0.89595,8.67257,0,0,0,0,0,0,0,0,0,0,0,0,0,0,0,0,0,0,0,0,0
GF2_A1_day42,0,0.58352,0.10902,11.28047,0.00906,0.02882,3.49705,0.09924,0,84.28957,0,0,0.10325,0,0,0,0,0,0,0,0,0,0,0,0,0,0,0,0,0,0,0,0,0
GF2_A1_day44,0,0.58246,0,3.46643,0,0.06795,4.0194,4.27829,0,87.58547,0,0,0,0,0,0,0,0,0,0,0,0,0,0,0,0,0,0,0,0,0,0,0,0
GF2_A25_N713,1.11063,2.85277,0,11.78382,8.44659,0,0,0,1.93782,0,0.34539,0,15.84817,0,40.24587,5.13646,4.18581,3.5561,3.03344,0.79028,0.72687,0,0,0,0,0,0,0,0,0,0,0,0,0
GF2_A2_Colon,0.31045,5.43212,0.59653,8.30663,3.08479,0.98703,16.92481,12.61808,0.24584,51.10259,0.0312,0.02308,0.24873,0,0,0,0,0,0,0,0,0.08811,0,0,0,0,0,0,0,0,0,0,0,0
GF2_A2_d36,31.96006,40.38254,0.28984,7.45916,4.60557,5.01675,1.44625,7.84604,0.51309,0.17174,0.30897,0,0,0,0,0,0,0,0,0,0,0,0,0,0,0,0,0,0,0,0,0,0,0
GF2_A2_D37,20.79641,13.73108,35.56135,15.37574,6.87959,2.42369,0.93074,0.84672,3.45469,0,0,0,0,0,0,0,0,0,0,0,0,0,0,0,0,0,0,0,0,0,0,0,0,0
GF2_A2_d39,18.47745,12.81038,46.37376,5.09415,2.85737,2.03609,0.04671,0,0.74263,2.3679,0.14185,1.53653,7.51519,0,0,0,0,0,0,0,0,0,0,0,0,0,0,0,0,0,0,0,0,0
GF2_A2_day28,0,0,0,0,0,88.77536,0,0,0,0,11.22464,0,0,0,0,0,0,0,0,0,0,0,0,0,0,0,0,0,0,0,0,0,0,0
GF2_A2_day29,0,0,0,0,0,84.60121,0.06459,0,0.48981,0,14.84439,0,0,0,0,0,0,0,0,0,0,0,0,0,0,0,0,0,0,0,0,0,0,0
GF2_A2_day30,0,3.3799,0.05765,0.54466,1.62813,65.22154,0.6281,0,3.2754,0,25.26462,0,0,0,0,0,0,0,0,0,0,0,0,0,0,0,0,0,0,0,0,0,0,0
GF2_A2_day31,0,0,0,0,0,66.37419,0,0,2.05066,0,31.57514,0,0,0,0,0,0,0,0,0,0,0,0,0,0,0,0,0,0,0,0,0,0,0
GF2_A2_day32,0,0,0,0,0,78.32072,0,0,2.84161,0,18.83767,0,0,0,0,0,0,0,0,0,0,0,0,0,0,0,0,0,0,0,0,0,0,0
GF2_A2_day34,0,0,0,0,0.39482,0,13.48075,43.95535,35.42154,0,6.74754,0,0,0,0,0,0,0,0,0,0,0,0,0,0,0,0,0,0,0,0,0,0,0
GF2_A2_day41,9.16119,17.40318,18.17974,13.2065,5.61668,1.78403,1.43127,1.43374,0.05561,15.42272,0,1.25076,14.92902,0,0,0,0,0,0,0,0,0.12555,0,0,0,0,0,0,0,0,0,0,0,0
GF2_A2_day42,2.8635,12.13223,14.58983,21.15719,2.15406,2.08719,10.50497,4.60106,1.36556,10.75562,0.1794,1.91192,15.11881,0,0,0,0,0,0,0,0,0.57868,0,0,0,0,0,0,0,0,0,0,0,0
GF2_A2_day44,1.17479,9.51548,5.12139,9.59965,0.47646,1.12329,40.9362,12.00705,0.85665,14.23378,0.28162,0.47367,4.00788,0,0,0,0,0,0,0,0,0.19209,0,0,0,0,0,0,0,0,0,0,0,0
GF2_A3_Colon,0.83996,7.21364,0.34994,13.66918,4.28947,0.86212,24.76606,24.5727,0.98156,21.12237,0.19613,0.8641,0,0,0,0,0,0,0,0,0,0.15941,0.11337,0,0,0,0,0,0,0,0,0,0,0
GF2_A3_d37,22.64651,35.58573,1.95604,4.44514,9.69333,4.46613,11.02884,9.39627,0.53301,0.17636,0.07265,0,0,0,0,0,0,0,0,0,0,0,0,0,0,0,0,0,0,0,0,0,0,0
GF2_A3_d39,9.92836,23.06176,5.10924,6.73319,6.5012,3.19789,20.77757,20.7956,0.11243,3.5426,0.0274,0.21277,0,0,0,0,0,0,0,0,0,0,0,0,0,0,0,0,0,0,0,0,0,0
GF2_A3_day28,0,0,0,0,0,100,0,0,0,0,0,0,0,0,0,0,0,0,0,0,0,0,0,0,0,0,0,0,0,0,0,0,0,0
GF2_A3_day30,0,3.71368,0.04482,0,1.37387,71.71228,1.21235,0,1.99916,0,19.94384,0,0,0,0,0,0,0,0,0,0,0,0,0,0,0,0,0,0,0,0,0,0,0
GF2_A3_day32,0,0,0,0,0,79.56077,0.37707,0.14481,9.70975,0,10.20759,0,0,0,0,0,0,0,0,0,0,0,0,0,0,0,0,0,0,0,0,0,0,0
GF2_A3_day41,1.23029,7.82868,2.21677,7.70867,2.59414,1.48811,36.94312,32.8043,0.23081,6.02844,0.20452,0.72215,0,0,0,0,0,0,0,0,0,0,0,0,0,0,0,0,0,0,0,0,0,0
GF2_A3_day42,0,0,0,0,0,0,0,0,0,100,0,0,0,0,0,0,0,0,0,0,0,0,0,0,0,0,0,0,0,0,0,0,0,0
GF2_A4_Colon,0,1.29805,0,19.95689,0.8625,0,3.418,5.30756,0,69.15701,0,0,0,0,0,0,0,0,0,0,0,0,0,0,0,0,0,0,0,0,0,0,0,0
GF2_A4_d36,31.36187,45.8521,0.61106,2.56657,4.91074,5.30424,0.7017,7.48881,0.53731,0.6656,0,0,0,0,0,0,0,0,0,0,0,0,0,0,0,0,0,0,0,0,0,0,0,0
GF2_A4_d37,32.20051,26.62282,17.4151,4.16766,6.27962,6.04856,0.32294,4.53462,1.7898,0.43059,0,0.18779,0,0,0,0,0,0,0,0,0,0,0,0,0,0,0,0,0,0,0,0,0,0
GF2_A4_D39,14.43675,20.31099,32.85655,6.99765,5.86733,3.55276,0.2177,0,0.03055,5.65359,0.0173,1.87237,8.18645,0,0,0,0,0,0,0,0,0,0,0,0,0,0,0,0,0,0,0,0,0
GF2_A4_day28,0,0,0,0,0,78.06725,0,0,0,0,21.93275,0,0,0,0,0,0,0,0,0,0,0,0,0,0,0,0,0,0,0,0,0,0,0
GF2_A4_day29,0,0.47763,0,0,1.3317,67.2926,0.78325,0,1.63568,0,28.47914,0,0,0,0,0,0,0,0,0,0,0,0,0,0,0,0,0,0,0,0,0,0,0
GF2_A4_day30,0,0,0,0,1.51394,61.90847,0.6277,0,1.4952,0,34.45468,0,0,0,0,0,0,0,0,0,0,0,0,0,0,0,0,0,0,0,0,0,0,0
GF2_A4_day31,0,0,0,0,0,79.48531,0,0,0.49651,0,20.01818,0,0,0,0,0,0,0,0,0,0,0,0,0,0,0,0,0,0,0,0,0,0,0
GF2_A4_day32,0.09376,0,0,0,0.66889,52.15075,5.23681,3.09818,12.22842,0,26.52319,0,0,0,0,0,0,0,0,0,0,0,0,0,0,0,0,0,0,0,0,0,0,0
GF2_A4_day41,1.84197,12.23907,3.00447,12.28562,2.24263,2.46622,31.78567,27.56735,0.22292,2.6164,0.10763,1.53029,1.85702,0,0,0,0,0,0,0,0,0.23275,0,0,0,0,0,0,0,0,0,0,0,0
GF2_A4_day42,0.66912,5.76163,1.49262,8.32391,1.66048,0.96427,23.61127,15.64616,0.48804,39.98627,0.07582,0.74349,0.437,0,0,0,0,0,0,0,0,0.13992,0,0,0,0,0,0,0,0,0,0,0,0
GF2_A4_day44,0,0,0,0.50229,0,0,0,0,0,99.49771,0,0,0,0,0,0,0,0,0,0,0,0,0,0,0,0,0,0,0,0,0,0,0,0
GF2_A5_Colon,0.07082,1.88323,0.09418,3.76327,1.35497,0.07243,7.21546,10.44084,0.0615,74.77579,0,0,0,0,0,0,0,0,0,0,0,0,0.26751,0,0,0,0,0,0,0,0,0,0,0
GF2_A5_d39,2.88616,19.29833,5.53871,6.61878,5.15838,1.63048,26.80894,26.12804,0.27119,5.04508,0.19447,0.42145,0,0,0,0,0,0,0,0,0,0,0,0,0,0,0,0,0,0,0,0,0,0
GF2_A5_day28,0,0,0,0,0,100,0,0,0,0,0,0,0,0,0,0,0,0,0,0,0,0,0,0,0,0,0,0,0,0,0,0,0,0
GF2_A5_day31,0,0,0,0,0,67.61136,0,0,6.48471,0,25.90393,0,0,0,0,0,0,0,0,0,0,0,0,0,0,0,0,0,0,0,0,0,0,0
GF2_A5_day32,0,0,0,0,0,71.90868,0,0,11.6873,0,16.40402,0,0,0,0,0,0,0,0,0,0,0,0,0,0,0,0,0,0,0,0,0,0,0
GF2_A5_day42,0,18.87119,0.36641,11.65385,4.31273,0,17.71243,42.65047,0,4.43293,0,0,0,0,0,0,0,0,0,0,0,0,0,0,0,0,0,0,0,0,0,0,0,0
GF2_A6_Colon,0,2.48752,0,15.28571,1.90709,0,10.96538,9.05248,0.23557,60.06624,0,0,0,0,0,0,0,0,0,0,0,0,0,0,0,0,0,0,0,0,0,0,0,0
GF2_A6_d33,0,0,0,0,0.17846,34.47226,1.84768,11.00346,28.00645,0,24.49168,0,0,0,0,0,0,0,0,0,0,0,0,0,0,0,0,0,0,0,0,0,0,0
GF2_A6_d36,26.73287,41.94201,1.08249,2.50917,8.96516,5.46251,3.45934,7.38418,1.19456,0.82235,0.01932,0,0.42604,0,0,0,0,0,0,0,0,0,0,0,0,0,0,0,0,0,0,0,0,0
GF2_A6_d37,23.7022,15.74523,22.69037,10.04034,12.86519,5.52095,2.42301,0.87062,1.14538,0.25353,0,0,4.74319,0,0,0,0,0,0,0,0,0,0,0,0,0,0,0,0,0,0,0,0,0
GF2_A6_D39,46.38241,10.98567,26.22661,2.71672,3.23113,1.75247,0,0,0,0.80937,0,0.30337,7.59223,0,0,0,0,0,0,0,0,0,0,0,0,0,0,0,0,0,0,0,0,0
GF2_A6_day28,0,0,0,0,0.04513,85.85905,0.00914,0,0.74328,0,13.3434,0,0,0,0,0,0,0,0,0,0,0,0,0,0,0,0,0,0,0,0,0,0,0
GF2_A6_day29,0,0,0,0,0.12292,84.43064,0.98828,0,1.37629,0,12.69717,0.38469,0,0,0,0,0,0,0,0,0,0,0,0,0,0,0,0,0,0,0,0,0,0
GF2_A6_day30,0,0.20891,0,0,0.48378,74.55479,0.5549,0,1.26434,0,22.93328,0,0,0,0,0,0,0,0,0,0,0,0,0,0,0,0,0,0,0,0,0,0,0
GF2_A6_day31,0,0,0,0,0,63.90758,0.22546,2.14968,8.77861,0,24.93868,0,0,0,0,0,0,0,0,0,0,0,0,0,0,0,0,0,0,0,0,0,0,0
GF2_A6_day32,0,0,0,0,0,56.35431,0,4.35275,10.92731,0,28.36563,0,0,0,0,0,0,0,0,0,0,0,0,0,0,0,0,0,0,0,0,0,0,0
GF2_A6_day44,1.53901,9.30257,0.77285,12.57064,2.4104,1.21733,32.63162,25.92474,2.6204,9.105,0.26016,1.01915,0.44175,0,0,0,0,0,0,0,0,0.15432,0.03007,0,0,0,0,0,0,0,0,0,0,0
GF2_A_dam_d33,0,0,0,0,3.5631,0,44.63667,45.25254,6.54769,0,0,0,0,0,0,0,0,0,0,0,0,0,0,0,0,0,0,0,0,0,0,0,0,0
GF2_A_dam_day19,8.20364,12.20428,4.83122,25.8191,9.15543,1.58364,15.6948,15.17611,2.21859,0,0.27251,0.52169,2.54,0,0,0,0,0,0,0,0,0.40468,0,1.37431,0,0,0,0,0,0,0,0,0,0
GF2_A_dam_day29,0,0,0,0,0.58153,0,48.24642,0.91928,50.25277,0,0,0,0,0,0,0,0,0,0,0,0,0,0,0,0,0,0,0,0,0,0,0,0,0
GF2_A_day1_dad,0,8.676,33.18845,35.48215,0.94548,8.69469,0,0,12.19561,0,0.81761,0,0,0,0,0,0,0,0,0,0,0,0,0,0,0,0,0,0,0,0,0,0,0
GF2_A_day1_mom,0,6.32196,24.33319,29.20755,1.79871,23.3848,0,0,12.60963,0,2.29681,0.01999,0,0,0,0,0,0,0,0,0,0.02736,0,0,0,0,0,0,0,0,0,0,0,0
GF2_B1_d34,9.57711,18.55643,8.97502,9.95076,3.4161,2.67043,1.0412,32.10185,0.15304,0.0964,0,1.69899,11.76265,0,0,0,0,0,0,0,0,0,0,0,0,0,0,0,0,0,0,0,0,0
GF2_B1_d35,3.92255,16.01063,12.62212,16.37797,3.54017,1.25733,5.08534,30.7593,0,0,0,0.84079,9.58379,0,0,0,0,0,0,0,0,0,0,0,0,0,0,0,0,0,0,0,0,0
GF2_B1_day29,21.63303,20.21141,2.7224,0.09107,1.8456,42.32997,1.24473,0,1.58645,0,8.1111,0.06792,0,0,0,0.15632,0,0,0,0,0,0,0,0,0,0,0,0,0,0,0,0,0,0
GF2_B1_day32,52.19482,23.5262,3.62536,0.70129,3.63769,6.02669,0.27142,6.4125,0.19394,0,0.19906,1.47344,0.84962,0,0,0,0,0,0,0.88799,0,0,0,0,0,0,0,0,0,0,0,0,0,0
GF2_B1_day37,0.48437,9.00652,5.92158,24.43818,2.47118,0.8125,34.36442,22.05383,0.01522,0,0,0.24973,0.18248,0,0,0,0,0,0,0,0,0,0,0,0,0,0,0,0,0,0,0,0,0
GF2_B1_day41,0.89508,13.49216,2.5692,14.85817,2.84986,0.57453,38.51074,16.53734,0,5.11747,0,0.28165,0,0,0,4.31379,0,0,0,0,0,0,0,0,0,0,0,0,0,0,0,0,0,0
GF2_B1_day44,0.68032,8.05258,0.91937,8.40033,0.74157,0.96054,49.66119,14.972,0.74275,5.9925,0.2389,0.60461,0,0,0,4.06901,1.02181,0,0,1.97102,0,0.20192,0.56401,0.20556,0,0,0,0,0,0,0,0,0,0
GF2_B2_d35,13.65435,17.43825,9.29617,14.77656,2.81663,2.08945,4.10295,24.2945,0.0747,0.04744,0,1.90038,9.4735,0,0,0,0,0,0,0,0,0.03511,0,0,0,0,0,0,0,0,0,0,0,0
GF2_B2_day27,0,0,0,0,0.83807,85.78087,0.43633,0,0,0,12.94473,0,0,0,0,0,0,0,0,0,0,0,0,0,0,0,0,0,0,0,0,0,0,0
GF2_B2_day28,0,1.4928,0,0,1.40852,81.22675,0.61122,0,0.28508,0,14.97562,0,0,0,0,0,0,0,0,0,0,0,0,0,0,0,0,0,0,0,0,0,0,0
GF2_B2_day29,19.33574,19.6082,2.47415,0.07079,1.66989,37.13167,2.72775,0,0.46634,0,15.20343,0,0,0,0,0,0,0,0,1.31203,0,0,0,0,0,0,0,0,0,0,0,0,0,0
GF2_B2_day30,58.3519,12.95366,5.92186,0.42245,4.78563,7.88141,1.48637,1.67397,1.08223,0,2.16871,1.15369,2.05606,0,0,0,0,0,0,0.06206,0,0,0,0,0,0,0,0,0,0,0,0,0,0
GF2_B2_day31,73.94375,11.13444,6.93444,0.0742,3.08864,2.46749,0.21286,0.4744,0.25394,0,0.26881,0.46873,0.6783,0,0,0,0,0,0,0,0,0,0,0,0,0,0,0,0,0,0,0,0,0
GF2_B2_day37,0.29261,10.60658,5.31975,26.35987,3.62016,0.63452,22.45169,24.34081,0,0,0,0.42985,5.94416,0,0,0,0,0,0,0,0,0,0,0,0,0,0,0,0,0,0,0,0,0
GF2_B2_day41,0.93211,13.09048,2.37165,13.27887,1.91903,1.19211,36.82502,18.73094,0.42331,5.63826,0.11481,0.58946,0.07198,0,0,4.2134,0,0,0,0.42144,0,0.07274,0,0.11437,0,0,0,0,0,0,0,0,0,0
GF2_B2_day44,0,0,0,0.34959,0,0,0.52495,0.10461,0,99.02086,0,0,0,0,0,0,0,0,0,0,0,0,0,0,0,0,0,0,0,0,0,0,0,0
GF2_B3_d35,8.16063,10.16821,15.74282,19.7367,3.9127,1.98734,0.33638,28.20579,0.03252,0,0,2.77299,8.94393,0,0,0,0,0,0,0,0,0,0,0,0,0,0,0,0,0,0,0,0,0
GF2_B3_day27,0.17362,1.88934,0,0,1.57634,85.3034,1.88285,0,1.59287,0,7.58158,0,0,0,0,0,0,0,0,0,0,0,0,0,0,0,0,0,0,0,0,0,0,0
GF2_B3_day28,10.31263,11.37682,0,0,2.44363,66.44427,1.00977,0,0.98959,0,7.42328,0,0,0,0,0,0,0,0,0,0,0,0,0,0,0,0,0,0,0,0,0,0,0
GF2_B3_day31,60.11362,18.25763,12.41191,1.42316,3.39025,2.53361,0.40551,0.04009,0.19846,0,0.38521,0.49787,0.3427,0,0,0,0,0,0,0,0,0,0,0,0,0,0,0,0,0,0,0,0,0
GF2_B3_day37,0.38101,9.06774,5.18811,23.42201,2.57014,0.43499,29.93083,26.58328,0,0,0,0.85922,1.56268,0,0,0,0,0,0,0,0,0,0,0,0,0,0,0,0,0,0,0,0,0
GF2_B3_day41,0.671,11.21944,2.41189,16.04469,2.60842,0.94514,40.48954,18.59646,0.32699,2.68081,0,0.21303,0.10523,0,0,3.68736,0,0,0,0,0,0,0,0,0,0,0,0,0,0,0,0,0,0
GF2_B3_day44,0,0,0,6.17548,0,0,1.29406,0.46145,0,91.39104,0,0,0,0,0,0.44086,0.10634,0,0,0.03042,0,0,0.10035,0,0,0,0,0,0,0,0,0,0,0
GF2_B4_d35,10.39077,23.67073,14.39895,7.65042,4.12301,1.28854,0,19.334,0.03298,0,0,3.39686,15.71374,0,0,0,0,0,0,0,0,0,0,0,0,0,0,0,0,0,0,0,0,0
GF2_B4_day27,0,0.04361,0,0,0.45178,90.48082,1.62019,0,2.92173,0,4.48187,0,0,0,0,0,0,0,0,0,0,0,0,0,0,0,0,0,0,0,0,0,0,0
GF2_B4_day28,3.1492,8.76469,0,0.19763,1.86838,62.52566,2.88736,0,11.72769,0,8.8794,0,0,0,0,0,0,0,0,0,0,0,0,0,0,0,0,0,0,0,0,0,0,0
GF2_B4_day29,17.68873,19.69433,1.18484,1.18696,2.67726,44.01718,2.40299,0.97647,2.35152,0,6.63071,0,0,0,0,0,0,0,0,1.18901,0,0,0,0,0,0,0,0,0,0,0,0,0,0
GF2_B4_day32,57.86942,15.97337,10.30961,0.4489,3.8598,6.30586,0.18779,0,0.58461,0,0.74802,2.77797,0.93466,0,0,0,0,0,0,0,0,0,0,0,0,0,0,0,0,0,0,0,0,0
GF2_B4_day37,0.17171,9.24553,6.97808,28.81369,3.19351,0.28705,24.05372,22.6012,0,0,0,0.33626,4.31926,0,0,0,0,0,0,0,0,0,0,0,0,0,0,0,0,0,0,0,0,0
GF2_B4_day41,0,0,0,0,0,0,0,0,0,100,0,0,0,0,0,0,0,0,0,0,0,0,0,0,0,0,0,0,0,0,0,0,0,0
GF2_B5_d34,13.73685,14.70831,11.66558,12.22357,3.09983,3.01029,3.1873,22.5239,0,0.20092,0,2.08869,13.55476,0,0,0,0,0,0,0,0,0,0,0,0,0,0,0,0,0,0,0,0,0
GF2_B5_d35,1.39551,11.77645,10.81137,13.70903,3.72495,1.3502,21.08491,24.59287,0,0,0.05165,1.20628,10.29678,0,0,0,0,0,0,0,0,0,0,0,0,0,0,0,0,0,0,0,0,0
GF2_B5_day27,0,0,0,0,0.13173,70.75765,1.33197,0,21.36707,0,6.41159,0,0,0,0,0,0,0,0,0,0,0,0,0,0,0,0,0,0,0,0,0,0,0
GF2_B5_day28,0.26455,5.42685,0.20936,0.08742,1.81661,65.42536,2.1868,0,17.11466,0,7.29073,0,0,0,0,0.17766,0,0,0,0,0,0,0,0,0,0,0,0,0,0,0,0,0,0
GF2_B5_day29,18.99862,18.44057,2.03544,0.49339,1.96678,28.22871,5.76602,1.48975,7.89286,0,4.70313,0,0,0,0,0,0.31416,0,0,8.81608,0,0,0.85449,0,0,0,0,0,0,0,0,0,0,0
GF2_B5_day30,52.85226,21.74507,9.1613,0.35625,4.90693,4.48763,0.41309,0.64965,1.11437,0,1.60671,0.74671,1.9255,0,0,0,0,0,0,0.03452,0,0,0,0,0,0,0,0,0,0,0,0,0,0
GF2_B5_day31,55.84068,24.75916,6.80064,0.25114,5.20918,2.52433,0.10299,2.02411,0.0034,0,0.29374,0.65504,1.35338,0,0,0,0,0,0,0.18221,0,0,0,0,0,0,0,0,0,0,0,0,0,0
GF2_B5_day37,0.6831,9.01594,4.32229,20.1112,3.81927,0.62946,39.4308,20.59623,0,0,0,0.24059,0.40916,0,0,0.74195,0,0,0,0,0,0,0,0,0,0,0,0,0,0,0,0,0,0
GF2_B5_day41,0.74984,10.40172,3.41557,13.37367,4.21672,0.9028,36.15491,25.88176,0.32865,0,0.13864,0.52538,0,0,0,3.85343,0,0,0,0,0,0.05691,0,0,0,0,0,0,0,0,0,0,0,0
GF2_B_dam_d33,3.86633,6.51378,6.32506,19.99002,4.29752,0.6655,40.71484,5.54115,0.81772,0,0.09382,0.17664,2.10087,0,0,8.74974,0,0,0,0.11534,0,0.03167,0,0,0,0,0,0,0,0,0,0,0,0
GF2_B_dam_day19,1.12304,10.69608,8.684,16.63789,4.54987,0.65594,32.67103,8.58366,0.95291,0,0.04376,0.02021,3.46679,0,0,11.35048,0.50219,0,0,0.06214,0,0,0,0,0,0,0,0,0,0,0,0,0,0
GF2_B_dam_day37,4.27978,10.20871,8.05828,21.50172,6.1414,0.66251,28.72901,8.0983,0.42786,0,0,0.28524,1.48099,0,0,9.08839,0.71601,0,0,0.32179,0,0,0,0,0,0,0,0,0,0,0,0,0,0
GF2_B_day1_dad,0,12.30579,34.39706,32.69762,0,6.76247,0,0,13.39753,0,0.42815,0,0,0,0,0,0,0,0,0,0,0,0,0,0.01138,0,0,0,0,0,0,0,0,0
GF2_B_day1_mom,0,3.70787,48.23978,26.98067,1.91646,8.46508,0,0,9.72648,0,0.85086,0,0.11281,0,0,0,0,0,0,0,0,0,0,0,0,0,0,0,0,0,0,0,0,0
GF2_B_Sire_day23,2.89919,8.95691,3.46681,18.88002,3.97112,0,38.09261,7.93488,0,0,0,0,0.61314,0,0,8.04439,3.91743,0,0,1.1659,0,0,0.811,0,0,1.24659,0,0,0,0,0,0,0,0
GF2_colon_A1_day45,0.56028,2.82554,0,7.51691,0.18338,0,5.84662,4.16297,0,78.87917,0,0,0,0,0,0,0,0,0,0,0,0,0.02512,0,0,0,0,0,0,0,0,0,0,0
GF2_colon_B1_day44,0,5.65082,1.05497,8.32498,2.48207,0.17982,21.72567,12.40167,0,46.15302,0,0,0,0,0,1.78828,0,0,0,0.2387,0,0,0,0,0,0,0,0,0,0,0,0,0,0
GF2_colon_B2_day44,0.88385,7.71552,0.56702,4.60557,2.14157,0.23302,16.9082,8.70238,0,50.94576,0.03475,0.19503,0,0,0,5.61216,0.1528,0,0,0.9411,0,0,0.36125,0,0,0,0,0,0,0,0,0,0,0
GF2_colon_B3_day44,0.83964,6.71662,0.76286,10.13345,2.15333,0.46446,30.47401,12.03462,0,31.02403,0,0,0,0,0,2.71482,1.10172,0,0,1.26845,0,0,0.31199,0,0,0,0,0,0,0,0,0,0,0
GF2_colon_B5_day44,0.31521,6.69567,3.18302,8.9656,5.1825,0.85632,41.51658,19.02816,1.04302,7.58821,0.21247,0.38158,0,0,0,3.70902,0.12785,0,0,1.13623,0,0.0331,0.02544,0,0,0,0,0,0,0,0,0,0,0
GF2_Inoc,0,0.83938,0,1.6701,0,2.27149,6.56995,0.05123,18.05258,0,1.07165,0.00179,0,0,0,0.55082,14.8524,0,0,9.83975,0,0.03706,0.09834,0.26442,38.27516,4.82498,0.26635,0.24302,0.10024,0.04203,0.03912,0.02192,0.01621,0
GF3_AB_Sire_day4,2.84747,8.75742,2.97959,21.79233,6.34239,0.94781,28.52862,13.21804,1.24706,0,0.07697,0.11657,0.89559,0,0,10.71189,0.80851,0,0,0.54134,0,0.1884,0,0,0,0,0,0,0,0,0,0,0,0
GF3_B_Sire_day19,1.64212,7.64947,4.08401,14.24476,5.27477,0.57863,18.97056,21.86777,0.89794,0,0.14243,0,0.60433,0,0,6.29644,4.38295,0,0,2.96386,0,0,1.07253,0.09662,0.53,5.17487,0,0,0.65619,0,0,0,0,2.86975
GF3_B_Sire_day30,2.99649,7.20522,5.64937,20.35228,8.00165,0.56859,16.72779,18.84618,0.72788,0,0.21987,0.00315,0.62357,0,0,4.43733,3.08803,0,0,2.52407,0,0,0.33866,0.12303,0.49222,2.5934,0,0,0.70093,0,0,0,0,3.78032
GF3_C1_day30,0,0,0,0,0,81.59653,0,0,0,0,18.40347,0,0,0,0,0,0,0,0,0,0,0,0,0,0,0,0,0,0,0,0,0,0,0
GF3_C1_day32,0.18427,5.92648,0.22835,0,1.23482,62.1889,1.35792,0,2.42561,0,23.80048,2.40419,0,0,0,0,0,0,0,0.24899,0,0,0,0,0,0,0,0,0,0,0,0,0,0
GF3_C1_day34,0,0,0,0,0,0,0,15.65409,84.34591,0,0,0,0,0,0,0,0,0,0,0,0,0,0,0,0,0,0,0,0,0,0,0,0,0
GF3_C2_day30,0,0,0,0,0,85.43928,3.36209,0,1.58722,0,2.27562,7.3358,0,0,0,0,0,0,0,0,0,0,0,0,0,0,0,0,0,0,0,0,0,0
GF3_C2_day32,0.44537,2.97169,0.29614,0,1.74882,59.26456,1.5591,0,1.88717,0,7.01479,24.17077,0,0,0,0,0,0,0,0.6416,0,0,0,0,0,0,0,0,0,0,0,0,0,0
GF3_C2_day35,0,0,0,0,0,0,0,0,100,0,0,0,0,0,0,0,0,0,0,0,0,0,0,0,0,0,0,0,0,0,0,0,0,0
GF3_C2_day38,22.30163,21.84814,10.74426,8.009,6.03899,6.16298,5.56279,16.5906,0.13942,0,0.26665,2.33553,0,0,0,0,0,0,0,0,0,0,0,0,0,0,0,0,0,0,0,0,0,0
GF3_C2_day39,13.58796,13.66699,20.43076,9.0194,5.7658,4.99274,13.22194,9.99993,0.44241,0,0.42537,4.03399,0,0,0,0,0,0,0,0,0,0,0,0,0,0,0,0,0,0,0,0,0,4.41273
GF3_C2_day40,6.15851,10.25014,10.19191,13.5255,4.222,3.34678,28.51538,14.57557,0.46834,0,0.40312,2.45102,0,0,0,0,0,0,0,0,0,0,0,0,0,0,0,0,0,0,0,0,0,5.89172
GF3_C2_day41,4.63869,10.42922,3.76189,16.47907,3.34658,3.78174,33.93339,14.91372,0.98436,0,0.04217,2.31773,0,0,0,0,0,0,0,0,0,0,0,0,0,0,0,0,0,0,0,0,0,5.37145
GF3_C2_day42,4.2725,10.52991,7.5728,11.92447,4.93249,0.66274,28.39984,18.28843,1.51678,0,0.22993,1.55108,0,0,0,0,0,0,0,0,0,0,0,0,0,0,0,0,0,0,0,0,0,10.11904
GF3_C2_day45,1.0353,7.44707,2.16009,23.44597,3.79636,1.24115,36.8751,19.28538,1.44609,0,0.1394,0.31395,0,0,0,0,0,0,0,0,0,0,0,0,0,0,0,0,0,0,0,0,0,2.81415
GF3_C3_day30,0,0,0,0,0,74.44004,0.1039,0,0.16487,0,25.29119,0,0,0,0,0,0,0,0,0,0,0,0,0,0,0,0,0,0,0,0,0,0,0
GF3_C3_day32,0,1.33902,0,0,0.64261,55.81478,1.2627,0,1.39361,0,29.67261,9.87467,0,0,0,0,0,0,0,0,0,0,0,0,0,0,0,0,0,0,0,0,0,0
GF3_C3_day34,0,0,0,0,0.4552,0,17.28893,0,82.25587,0,0,0,0,0,0,0,0,0,0,0,0,0,0,0,0,0,0,0,0,0,0,0,0,0
GF3_C3_day35,0,0,0,0,0,0,8.25133,36.58997,55.15871,0,0,0,0,0,0,0,0,0,0,0,0,0,0,0,0,0,0,0,0,0,0,0,0,0
GF3_C3_day39,14.58716,22.19755,14.29072,6.68797,4.67442,8.19332,10.87839,12.70764,0.36917,0,0.19621,5.10319,0,0,0,0,0,0,0,0,0,0,0,0,0,0,0,0,0,0,0,0,0,0.11426
GF3_C3_day40,6.05916,13.88279,11.31287,12.61577,4.55934,4.29558,21.85168,12.09237,0.17398,0,0.4925,5.10615,0,0,0,0,0,0,0,0,0,0,0,0,0,0,0,0,0,0,0,0,0,7.55781
GF3_C3_day41,5.22647,12.88464,8.78442,14.37941,4.56739,1.56099,23.52847,14.62183,0.77467,0,0.03295,5.46611,0,0,0,0,0,0,0,0,0,0,0,0,0,0,0,0,0,0,0,0,0,8.17265
GF3_C3_day42,5.1494,12.40212,9.94596,12.85094,0.46175,2.37365,28.98471,17.8945,1.87056,0,0.20055,4.23669,0,0,0,0,0,0,0,0,0,0,0,0,0,0,0,0,0,0,0,0,0,3.62917
GF3_C3_day45,2.38712,9.71715,7.06969,17.74505,2.0084,1.80178,29.39704,24.06839,1.34074,0,0.22568,0.09463,0,0,0,0,0,0,0,0,0,0,0,0,0,0,0,0,0,0,0,0,0,4.14432
GF3_C4_day30,0,0,0,0,0,80.92795,0,0,0,0,19.07205,0,0,0,0,0,0,0,0,0,0,0,0,0,0,0,0,0,0,0,0,0,0,0
GF3_C4_day32,0.61253,2.0604,0,0,0.86586,69.7463,2.41722,0,6.37454,0,16.10367,1.81948,0,0,0,0,0,0,0,0,0,0,0,0,0,0,0,0,0,0,0,0,0,0
GF3_C4_day34,0,0,0,0,0,0,0,0,100,0,0,0,0,0,0,0,0,0,0,0,0,0,0,0,0,0,0,0,0,0,0,0,0,0
GF3_C4_day38,9.44117,24.48624,4.03835,9.30464,6.44704,4.92275,28.42703,10.26008,0.59111,0,0.07273,1.86236,0,0,0,0,0,0,0,0,0,0,0,0,0,0,0,0,0,0,0,0,0,0.14651
GF3_C4_day39,8.22699,14.14403,12.34238,6.70394,3.97022,3.44161,16.77408,14.3384,0.98076,0,0.02057,2.46849,0,0,0,0,0,0,0,0,0,0,0,0,0,0,0,0,0,0,0,0,0,16.58853
GF3_C4_day40,4.40695,13.5601,6.82868,15.60395,4.1381,3.27549,28.54303,14.27993,0.30588,0,0.13639,2.28335,0.65798,0,0,0,0,0,0,0,0,0,0,0,0,0,0,0,0,0,0,0,0,5.98018
GF3_C4_day41,3.72617,11.25432,5.27855,13.68189,3.989,1.74062,26.63138,19.97766,1.01458,0,0.02729,1.7146,0.26816,0,0,0,0,0,0,0,0,0,0,0,0,0,0,0,0,0,0,0,0,10.69577
GF3_C4_day42,3.29714,11.23028,5.20521,16.10778,5.13945,2.29685,28.40479,18.19972,1.35147,0,0.01725,1.27821,0.60702,0,0,0,0,0,0,0,0,0,0,0,0,0,0,0,0,0,0,0,0,6.86484
GF3_C4_day45,2.72133,11.48541,9.2229,18.59983,2.59476,1.02321,22.94649,21.96734,1.68139,0,0.11297,0,5.18475,0,0,0,0,0,0,0,0,0,0,0,0,0,0,0,0,0,0,0,0,2.45963
GF3_C5_day30,0,0,0,0,0,69.89234,3.15858,0,2.25387,0,24.69522,0,0,0,0,0,0,0,0,0,0,0,0,0,0,0,0,0,0,0,0,0,0,0
GF3_C5_day39,7.46594,21.12305,5.37353,8.35102,2.75886,8.43948,33.56195,4.5147,1.53656,0,0,2.69571,0,0,0,0,0,0,0,0,0,0,0,0,0,0,0,0,0,0,0,0,0,4.1792
GF3_C5_day41,2.85065,11.34424,3.37468,15.1771,0.67971,4.41633,45.28798,12.4299,2.22002,0,0.47667,1.74271,0,0,0,0,0,0,0,0,0,0,0,0,0,0,0,0,0,0,0,0,0,0
GF3_C5_day42,2.93097,13.78617,4.60825,18.999,1.73725,2.14535,29.89556,19.65203,3.71795,0,1.03822,1.20534,0,0,0,0,0,0,0,0,0,0,0,0,0,0,0,0,0,0,0,0,0,0.28391
GF3_C5_day45,1.26606,9.7164,5.85159,15.58125,2.05863,1.18085,40.90052,20.50388,2.8576,0,0.03904,0,0,0,0,0,0,0,0,0,0,0,0,0,0,0,0,0,0,0,0,0,0,0.04417
GF3_C6_day30,0.16898,0.05266,0,0,0.5805,54.18129,4.33232,0,19.60901,0,13.01936,8.05589,0,0,0,0,0,0,0,0,0,0,0,0,0,0,0,0,0,0,0,0,0,0
GF3_C6_day35,0,0,0,0,0,0,0.16246,11.12231,88.71523,0,0,0,0,0,0,0,0,0,0,0,0,0,0,0,0,0,0,0,0,0,0,0,0,0
GF3_C6_day38,6.93799,14.08307,5.16852,8.94896,3.55555,3.67588,48.37412,7.68245,0.46253,0,0.03853,1.0724,0,0,0,0,0,0,0,0,0,0,0,0,0,0,0,0,0,0,0,0,0,0
GF3_C6_day39,4.60239,13.71321,2.71383,13.90539,3.49094,3.84129,44.43589,10.2716,0.51888,0,0.20069,1.86613,0,0,0,0,0,0,0,0,0,0,0,0,0,0,0,0,0,0,0,0,0,0.43976
GF3_C6_day41,3.68299,13.78068,8.24479,12.66514,4.70585,1.76002,21.79006,19.14309,0.26105,0,0.01326,0.63938,0,0,0,0,0,0,0,0,0,0,0,0,0,0,0,0,0,0,0,0,0,13.31369
GF3_C6_day42,1.96437,11.64784,6.07394,12.19023,1.84664,0.61634,32.355,22.44935,1.38168,0,0.05128,0.95948,0,0,0,0,0,0,0,0,0,0,0,0,0,0,0,0,0,0,0,0,0,8.46386
GF3_C6_day45,0.4794,9.65155,3.79252,20.41486,1.8821,1.01669,35.38959,16.4336,2.37734,0,0.17374,0.20014,0,0,0,0,0,0,0,0,0,0,0,0,0,0,0,0,0,0,0,0,0,8.18846
GF3_C7_day40,19.55313,15.54014,1.60649,7.10769,5.91003,5.38466,18.54645,21.64269,0.19928,0,0,2.03755,0,0,0,0,0,0,0,0,0,0,0,0,0,0,0,0,0,0,0,0,0,2.47188
GF3_C7_day41,4.42293,14.39451,4.2647,13.46521,4.81749,2.66406,25.17665,19.06395,0.35158,0,0.08864,1.89502,0,0,0,0,0,0,0,0,0,0,0,0,0,0,0,0,0,0,0,0,0,9.39526
GF3_C7_day42,1.70854,8.6676,2.81715,18.70015,2.68871,2.21857,34.07373,19.2452,0.92,0,0.05549,1.13645,0,0,0,0,0,0,0,0,0,0,0.09115,0,0,0,0,0,0,0,0,0,0,7.67727
GF3_C7_day45,1.1381,10.42384,5.16265,25.09357,2.93074,0.40307,31.3157,17.19112,1.26706,0,0,0.10883,0,0,0,0,0,0,0,0,0,0,0,0,0,0,0,0,0,0,0,0,0,4.96532
GF3_C8_day30,0,0,0,0,0,100,0,0,0,0,0,0,0,0,0,0,0,0,0,0,0,0,0,0,0,0,0,0,0,0,0,0,0,0
GF3_C8_day32,0,2.24394,0,0,0.74683,73.7557,0.95603,0,5.86759,0,14.43652,1.99339,0,0,0,0,0,0,0,0,0,0,0,0,0,0,0,0,0,0,0,0,0,0
GF3_C8_day34,0,0,0,0,0,39.45016,0,0,29.02832,0,18.10809,13.41344,0,0,0,0,0,0,0,0,0,0,0,0,0,0,0,0,0,0,0,0,0,0
GF3_C8_day39,7.99045,20.18587,14.73558,12.44127,6.0087,5.26872,7.02985,20.7368,0.98083,0,0.09738,2.6069,0,0,0,0,0,0,0,0,0,0,0,0,0,0,0,0,0,0,0,0,0,1.91766
GF3_C8_day40,6.23445,19.15895,6.38657,12.52744,6.77609,5.24606,22.29444,11.71153,0.72024,0,0.21812,2.77121,0,0,0,0,0,0,0,0,0,0,0,0,0,0,0,0,0,0,0,0,0,5.9549
GF3_C8_day41,5.58394,11.65957,4.72232,18.7696,6.31082,3.23062,30.87423,9.85247,1.05785,0,0.32135,1.41299,0,0,0,0,0,0,0,0,0,0,0,0,0,0,0,0,0,0,0,0,0,6.20423
GF3_C8_day42,4.63125,11.02618,5.68786,18.71594,5.23766,1.27284,32.88972,14.94426,2.18018,0,0,1.08083,0,0,0,0,0,0,0,0,0,0,0,0,0,0,0,0,0,0,0,0,0,2.33327
GF3_C8_day45,1.62722,8.59399,1.58931,21.15443,1.34306,1.90623,40.44039,20.30229,1.6884,0,0.247,0,0,0,0,0,0,0,0,0,0,0,0,0,0,0,0,0,0,0,0,0,0,1.10767
GF3_C9_day30,0,0.06812,0,0,0.34583,85.42705,1.19855,0,1.94096,0,10.7883,0.2312,0,0,0,0,0,0,0,0,0,0,0,0,0,0,0,0,0,0,0,0,0,0
GF3_C9_day32,0,1.98894,0,0,0,82.71366,0.86781,0,2.10071,0,11.81473,0.51415,0,0,0,0,0,0,0,0,0,0,0,0,0,0,0,0,0,0,0,0,0,0
GF3_C9_day34,0,0,0,0,0,0,20.23048,0,79.76952,0,0,0,0,0,0,0,0,0,0,0,0,0,0,0,0,0,0,0,0,0,0,0,0,0
GF3_C9_day38,11.35149,20.89718,13.68816,9.96843,5.09447,9.60966,8.03847,17.94065,0.58936,0,0.62289,2.1553,0,0,0,0,0,0,0,0,0,0,0,0,0,0,0,0,0,0,0,0,0,0.04394
GF3_C9_day39,5.10494,16.28546,3.6253,12.20495,4.69202,4.53182,30.99721,17.77793,0.58167,0,0.35762,1.65511,0,0,0,0,0,0,0,0,0,0,0,0,0,0,0,0,0,0,0,0,0,2.18598
GF3_C9_day40,1.53222,10.61727,4.61695,17.02749,1.9494,3.33993,35.65765,14.81754,0.5047,0,0.66769,1.20723,0,0,0,0,0,0,0,0,0,0,0,0,0,0,0,0,0,0,0,0,0,8.06193
GF3_C9_day41,3.35056,10.67857,6.24947,17.90488,5.41078,2.44986,27.49254,15.43132,0.71142,0,0.50979,0.75483,0,0,0,0,0,0,0,0,0,0,0,0,0,0,0,0,0,0,0,0,0,9.05596
GF3_C9_day42,1.90559,7.63252,3.74074,15.97253,1.31689,1.60391,45.77508,15.79704,1.42933,0,0,0.80344,0,0,0,0,0,0,0,0,0,0,0,0,0,0,0,0,0,0,0,0,0,4.02293
GF3_C9_day45,2.70098,9.33954,0.65857,24.76331,2.59492,2.14176,37.20927,17.2494,2.30039,0,0.19631,0.40198,0,0,0,0,0,0,0,0,0,0,0,0,0,0,0,0,0,0,0,0,0,0.44357
GF3_C_dam_day19,3.92941,7.58441,7.16682,19.91769,6.40343,0.22498,17.85172,10.13831,0.19484,0,0,0,1.50787,0,0,8.04907,2.23821,0,0,0.78002,0,0,0,0,0,0,0,0,0.02928,0,0,0,0,13.98396
GF3_C_dam_day4,2.03511,5.745,2.70419,22.08839,4.31241,1.04407,34.61535,12.08157,1.75445,0,0.06462,0,0.76194,0,0,10.37543,1.63753,0,0,0.35843,0,0.2593,0,0.11423,0,0,0,0,0.04799,0,0,0,0,0
GF3_C_Sire_day19,2.75034,6.49911,5.32915,19.6546,5.73725,0.43372,14.16522,19.29869,0.89793,0,0,0,0.60139,0,0,6.49298,3.53459,0,0,2.48771,0,0,0.61275,0,0,3.74988,0,0,0.48767,0,0,0,0,7.26702
GF3_C_Sire_day30,2.86434,7.57746,3.52581,12.18918,5.67309,0.49359,11.83087,25.37307,1.09399,0,0.15631,0,0.19481,0,0,2.91475,5.21953,0,0,3.45655,0,0,1.07031,0.26523,0.31201,4.32291,0,0,1.12021,0,0,0,0,10.34599
GF3_C_Sire_day4,1.1773,5.88597,1.18581,17.46613,5.34569,1.04481,29.65791,25.27566,1.16038,0,0.12545,0,0.28629,0,0,6.53252,3.22342,0,0,1.04649,0,0.16245,0.0803,0.2257,0,0,0,0,0.11772,0,0,0,0,0
GF3_inoc,0.93126,6.72813,10.91776,12.85182,1.52893,1.28671,20.30401,36.22893,2.30571,0,0,0,0,0,0,2.7798,1.07537,0,0,1.92791,0,0,0,0,0.05135,1.08229,0,0,0,0,0,0,0,0