Sample,Enterococcus_faecalis,Anaerococcus_vaginalis,Varibaculum_cambriense,Finegoldia_magna,Bifidobacterium_breve,Escherichia_coli,Streptococcus_thermophilus,Citrobacter_freundii,Clostridium_neonatale,Streptococcus_gordonii,Clostridium_paraputrificum,Staphylococcus_aureus,Veillonella_parvula,Anaerococcus_hydrogenalis,Morganella_morganii,Pseudomonas_aeruginosa_group,Clostridium_perfringens,Clostridioides_difficile,Clostridium_innocuum,Proteus_mirabilis,Clostridium_sp_7_2_43FAA,Clostridium_butyricum,Klebsiella_oxytoca,Klebsiella_aerogenes,Klebsiella_pneumoniae,Klebsiella_michiganensis,Achromobacter_xylosoxidans,Achromobacter_insuavis,Enterobacter_cloacae_complex,Streptococcus_salivarius,Klebsiella_variicola,Klebsiella_quasipneumoniae,Dermabacter_hominis,Staphylococcus_epidermidis,Staphylococcus_warneri
GF20_d0_inoc,34.77182,28.37885,13.35631,8.00946,6.23767,3.15082,1.89764,1.3836,1.11819,0.57253,0.45899,0.37415,0.25901,0.03097,0,0,0,0,0,0,0,0,0,0,0,0,0,0,0,0,0,0,0,0,0
GF20_d161_b6,0,0,0,0,0.05118,91.24548,0,8.70335,0,0,0,0,0,0,0,0,0,0,0,0,0,0,0,0,0,0,0,0,0,0,0,0,0,0,0
GF20_d35_a3,0,0,0,0,0,68.87012,0,6.20198,0,0,0,0,0,0,24.68436,0.24354,0,0,0,0,0,0,0,0,0,0,0,0,0,0,0,0,0,0,0
GF23_d19_dama,4.32707,0,5.03338,0.37881,0.47033,3.78747,0,0.44737,8.40245,0,1.21846,0,0,0.06055,0.90098,0,49.16861,15.08686,7.55259,1.90364,0.88385,0.31241,0.06516,0,0,0,0,0,0,0,0,0,0,0,0
GF23_d35_c1,0,0,0,0,0,0.8245,0,0,0,0,0,0,0,0,0,0,0,0,0,0,0,0,0,96.48937,2.68613,0,0,0,0,0,0,0,0,0,0
GF23_d47_dama,5.00091,0,50.32305,0.21676,3.68239,9.84813,0,2.21644,1.79587,0,0.03083,0,0,0,6.52505,0,12.54967,2.56214,3.1011,0.85861,0.16614,0,1.12291,0,0,0,0,0,0,0,0,0,0,0,0
GF23_d47_damc,12.68241,0,32.19154,0.84491,2.91932,11.33379,0,3.37564,2.74106,0,0.36451,0,0,0.13687,5.25822,0,4.72341,3.48915,15.43613,2.92759,0,0.54678,1.02867,0,0,0,0,0,0,0,0,0,0,0,0
GF23_d52_a1,0,0,0,0,0,27.22273,0,0,0,0,0,0,0,0,0,0,0,0,0,0,0,0,49.30121,23.47606,0,0,0,0,0,0,0,0,0,0,0
GF23_d52_a6,0.09027,0,0,0,0,3.72419,0,1.50268,0,0,0,0,0,0,0,0,0,0,0,0.29416,0,0,70.51238,22.47768,1.39864,0,0,0,0,0,0,0,0,0,0
GF23_d56_c2,0.44933,0,0,0,0,12.65785,0,0,0,0,0,0,0,0,0,0,0,0,0,0,0,0,0,75.1259,11.76691,0,0,0,0,0,0,0,0,0,0
GF23_d57_c4,0,0,0,0,0,90.12424,0,0,0,0,0,0,0,0,0,0,0,0,0,0,0,0,0,9.87576,0,0,0,0,0,0,0,0,0,0,0
GF23_d57_c5,0,0,0,0,0,100,0,0,0,0,0,0,0,0,0,0,0,0,0,0,0,0,0,0,0,0,0,0,0,0,0,0,0,0,0
GF23_damA_32_stool,6.66451,0,46.85998,0.00817,0.98403,13.29059,0,4.43937,1.49628,0,0.18152,0,0,0,6.84241,0,9.22075,1.58928,5.40589,1.18115,0,0,1.83607,0,0,0,0,0,0,0,0,0,0,0,0
GF23_damC_10_stool,3.85513,0,0,0.21733,37.25817,1.88358,0,0.42063,13.68149,0,3.17925,0,0,0.07523,1.63256,0,10.61594,20.19753,3.70466,2.92418,0.18188,0,0.17245,0,0,0,0,0,0,0,0,0,0,0,0
GF23_damC_32_stool,4.03709,0,55.23432,0.11474,1.92523,10.33187,0,3.12153,0.90862,0,0.01325,0,0,0,5.09226,0,8.58195,2.37857,4.79713,0.6647,0,0,2.65017,0,0,0.14858,0,0,0,0,0,0,0,0,0
GF24_A10_d131_cwash,0,0,0,0,0,0,0,0,0,0,0.91636,0,0,0,0,0,0,0.16791,2.08378,0,0.04714,0,0,86.28401,1.96383,0,8.53697,0,0,0,0,0,0,0,0
GF24_A1_36_stool,1.02098,0,0,0,0,0.4302,0,0,0,0,0,0,0,0,0,0,0.60212,0.09073,0,0,0,0,0,96.5201,1.33588,0,0,0,0,0,0,0,0,0,0
GF24_A1_39_cwash,0,0,0,0,0,27.81943,0,0,0.44787,0,0,0,0,0,0,0,7.78337,0.94453,4.76087,0,10.61872,0,0,47.62522,0,0,0,0,0,0,0,0,0,0,0
GF24_A1_d108_cwash,0,0,0,0,0,0,0,0,0,0,0,0,0,0,0,0,0,0,0.4353,0,0,0,0,85.37359,3.91087,0,10.28024,0,0,0,0,0,0,0,0
GF24_A1_d131_cwash,0,0,0,0,0,0,0,0,0,0,0.45851,0,0,0,0,0,0,0,0,0,0.12494,0,0,95.11029,2.24141,0,2.06486,0,0,0,0,0,0,0,0
GF24_A1_d73_stool,1.66532,0,0,0,0,0,0,0,0,0,0,0,0,0,0,0,0,0.25705,0,0,0,0,0,95.60837,2.46927,0,0,0,0,0,0,0,0,0,0
GF24_A1_d74_cwash,1.27674,0,0,0,0,0.90137,0,0,0,0,1.66267,0,0,0,0,0,1.53201,0.7034,0.3969,0,2.61396,0,0,87.82293,2.36822,0,0.72182,0,0,0,0,0,0,0,0
GF24_A2_36_stool,3.12937,0,0,0,0,0.18359,0,0,0,0,0.51025,0,0,0,0,0,1.60371,1.63314,0,0.89383,0,0,0,86.78201,5.2641,0,0,0,0,0,0,0,0,0,0
GF24_A2_39_cwash,0.40511,0,0,0,0,5.97828,0,0,4.68498,0,3.68074,0,0,0,0,0,30.88424,4.59068,17.22617,0,3.2926,0,0,28.47922,0.77797,0,0,0,0,0,0,0,0,0,0
GF24_A2_d108_cwash,0.87623,0,0,0,0,0,0,0,0,0,1.0895,0,0,0,0,0,0,0.55795,0.97106,0,1.39634,0,6.81199,65.05716,4.59526,0,18.64452,0,0,0,0,0,0,0,0
GF24_A2_d131_cwash,0.39337,0,0,0,0,0,0,0,0,0,0,0,0,0,0,0,0,0,0,0,0,0,0,93.02811,2.60977,0,3.96875,0,0,0,0,0,0,0,0
GF24_A2_d73_stool,1.24658,0,0,0,0,0,0,0,0,0,0,0,0,0,0,0,0,0.13054,0,0,0,0,0,97.30069,1.32219,0,0,0,0,0,0,0,0,0,0
GF24_A3_37_stool,0.65955,0,0,0,0,0.22657,0,0,0,0,0,0,0,0,0,0,0,0,0,0,0,0,0,94.59838,4.5155,0,0,0,0,0,0,0,0,0,0
GF24_A3_38_stool,2.44983,0,0,0.07579,0,23.52833,0,0,0,0,0.28434,0,0,0,0,0,0,0.91485,0,0,0,0,0,68.34402,4.40284,0,0,0,0,0,0,0,0,0,0
GF24_A3_39_cwash,0,0,0,0,0,50.96611,0,0,0,0,13.65195,0,0,0,0,0,6.83074,0.08189,19.11068,0,2.84841,0,0,6.51023,0,0,0,0,0,0,0,0,0,0,0
GF24_A3_d108_cwash,0.28492,0,0,0,0,0,0,0,0.45631,0,1.81058,0,0,0,0,0,0,1.36142,0.93959,0,8.17398,0,1.99851,76.76431,6.68912,0,1.52126,0,0,0,0,0,0,0,0
GF24_A3_d131_cwash,0,0,0,0,0,0,0,0,0,0,3.64743,0,0,0,0,0,0,0,1.34389,0,1.75891,0,15.61607,70.67993,5.60715,0,1.34662,0,0,0,0,0,0,0,0
GF24_A4_38_stool,1.34371,0,0,0.63703,0,2.30292,0,0,1.64863,0,7.26705,0,0,0,0,0,28.61162,3.90359,6.44724,0.00811,2.31863,0,0,44.60982,0.90164,0,0,0,0,0,0,0,0,0,0
GF24_A4_39_cwash,2.58502,0,0,0,0,10.61904,0,0,8.58368,0,2.61503,0,0,0,0,0,29.18608,7.4607,10.21578,0,19.42573,0,0.25817,8.63122,0.41957,0,0,0,0,0,0,0,0,0,0
GF24_A4_d108_cwash,0,0,0,0,0,0,0,0,0,0,5.96435,0,0,0,0,0,0,0,0,0,0,0,0,86.4956,0,0,2.98611,4.55394,0,0,0,0,0,0,0
GF24_A4_d131_cwash,2.44073,0,0,0,0,0,0,0,0,0,0,0,0,0,0,0,0,0.01349,0,0,2.78975,0,0,89.29939,2.65934,0,2.79728,0,0,0,0,0,0,0,0
GF24_A4_d74_cwash,2.14616,0,0,0,0,0,0,0,0,0,0,0,0,0,0,0,0.70412,0,0,0,0,0,0,85.60211,1.10116,0,10.44646,0,0,0,0,0,0,0,0
GF24_A5_d108_cwash,0.28981,0,0,0,0,0,0,0,0,0,3.1316,0,0,0,0,0,0.21067,0.51196,0.85849,0,5.32624,0,54.38174,30.91014,2.92781,0,1.45155,0,0,0,0,0,0,0,0
GF24_A5_d131_cwash,2.14237,0,0,0,0,0,0,0,0,0,0,0,0,0,0,0,0,0.72201,0,11.6068,0,0,0,83.10128,2.07002,0,0.19608,0.16143,0,0,0,0,0,0,0
GF24_A5_d74_cwash,0.30118,0,0,0,0,0,0,0,0,0,2.48982,0,0,0,0,0,4.56152,1.06605,3.65708,1.6214,0.60875,0,0,84.6125,0.99499,0,0,0.08672,0,0,0,0,0,0,0
GF24_A6_36_stool,0,0,0,0,0,0,0,0,0,0,0,0,0,0,0,0,0,0,0,0,0,0,0,100,0,0,0,0,0,0,0,0,0,0,0
GF24_A6_39_cwash,1.36928,0,0,0,0,32.67839,0,0,6.04566,0,8.29752,0,0,0,0,0,0,12.66939,7.09301,0,31.84675,0,0,0,0,0,0,0,0,0,0,0,0,0,0
GF24_A6_d108_cwash,0,0,0,0,0,0,0,0,0,0,0,0,0,0,0,0,0,0,0,0,0.16753,0,1.21295,91.23954,6.27888,0,1.10109,0,0,0,0,0,0,0,0
GF24_A6_d131_cwash,0,0,0,0,0,0,0,0,0,0,6.4562,0,0,0,0,0,0,0,2.36883,0,4.41981,0,0,83.87189,1.95845,0,0.92482,0,0,0,0,0,0,0,0
GF24_A6_d74_cwash,0,0,0,0,0,36.18061,0,0,0,0,0,0,0,0,0,0,0,0,0,1.45475,0,0,21.87041,34.96412,3.87336,0,1.65675,0,0,0,0,0,0,0,0
GF24_A7_36_stool,0,0,0,0,0,0,0,0,0,0,0,0,0,0,0,0,0,0,0,0,0,0,0,100,0,0,0,0,0,0,0,0,0,0,0
GF24_A7_37_stool,0,0,0,0,0,0,0,0,0,0,0,0,0,0,0,0,0,0,0,0,0,0,0,100,0,0,0,0,0,0,0,0,0,0,0
GF24_A7_39_cwash,1.9739,0,0,0,0,4.86083,0,0,0.22508,0,6.48908,0,0,0,0,0,0,12.09772,8.4463,0,28.56021,0,6.14309,29.89815,1.30564,0,0,0,0,0,0,0,0,0,0
GF24_A7_d108_cwash,0.02807,0,0,0,0,0,0,0,0,0,0.18287,0,0,0,0,0,0,0.12484,2.38316,6.23287,1.02002,0,3.53708,75.20615,9.63918,0,1.64576,0,0,0,0,0,0,0,0
GF24_A7_d131_cwash,0,0,0,0,0,0,0,0,0,0,0,0,0,0,0,0,0.986,0,0,0,0,0,0,85.67159,2.71724,0,10.62517,0,0,0,0,0,0,0,0
GF24_A7_d74_cwash,0,0,0,0,0,60.62201,0,0,0,0,0,0,0,0,0,0,0,0,0,2.12588,0,0,9.28554,26.50522,1.1009,0,0.36045,0,0,0,0,0,0,0,0
GF24_A8_d108_cwash,0,0,0,0,0,0,0,0,0,0,0,0,0,0,0,0,0,0,0,0,0,0,0,90.27211,2.7213,0,7.00659,0,0,0,0,0,0,0,0
GF24_A8_d131_cwash,0,0,0,0,0,0,0,0,0,0,0,0,0,0,0,0,0,0,0,0,0,0,0,81.94106,8.58798,0,9.47097,0,0,0,0,0,0,0,0
GF24_A9_d108_cwash,2.19589,0,0,0,0,0,0,0,0,0,0,0,0,0,0,0,0,0.79992,0,0,0.65044,0,1.69342,90.0175,4.5942,0,0.04102,0.00762,0,0,0,0,0,0,0
GF24_A9_d131_cwash,0.41796,0,0,0,0,0,0,0,0,0,0,0,0,0,0,0,0.00453,0.03211,0,0,0.01106,0,0,97.04592,1.91385,0,0.57456,0,0,0,0,0,0,0,0
GF24_Adam_d100_stool,14.36591,0,10.66965,2.92344,0,8.11377,0,0.61991,5.23313,0,0.18438,0,0,0,0,0,17.50611,2.89595,6.96767,9.51886,0,0,15.63016,5.37106,0,0,0,0,0,0,0,0,0,0,0
GF24_B1_33_cwash,0,0,0,0,0,17.35613,0,0,1.10172,0,8.8006,0,0,0,0,0,0.16901,0,12.97329,0,3.27793,0,0,55.50582,0.81549,0,0,0,0,0,0,0,0,0,0
GF24_B1_64_cwash,3.32586,0,0,0,0,7.53504,0,9.97438,3.73943,0,16.66124,0,0,0,0,0,1.38534,22.3587,6.94088,4.16312,6.02205,0,15.94432,0.76387,0,1.18577,0,0,0,0,0,0,0,0,0
GF24_B2_33_cwash,0.10538,0,0,0,0,0,0,0,0.79281,0,11.58222,0,0,0,0,0,6.31416,2.1883,5.50348,6.15116,0,0,0,64.3655,2.997,0,0,0,0,0,0,0,0,0,0
GF24_B2_64_cwash,3.61477,0,0,0,0,4.49026,0,5.86667,0.91685,0,16.2394,0,0,0,0,0,6.55469,23.94761,11.91985,4.75078,8.03044,0,9.0131,0.10451,0,3.16255,0,0,1.38851,0,0,0,0,0,0
GF24_B2_d74_cwash,2.82407,0,0,0,0,0.61315,0,0,0,0,1.99123,0,0,0,0,0,1.97503,1.66138,0,0,3.19792,0,0,80.54576,6.86177,0,0,0.32969,0,0,0,0,0,0,0
GF24_B3_33_cwash,0.41171,0,0,0,0,0,0,0,1.76325,0,8.13544,0,0,0,0,0,2.45415,1.69707,6.55996,13.13572,6.45094,0,0,58.77691,0.61485,0,0,0,0,0,0,0,0,0,0
GF24_B3_64_cwash,1.5001,0,0,0,0,4.46656,0,4.12557,1.98708,0,17.42769,0,0,0,0,0,10.91123,24.75597,14.98928,2.34473,4.08079,0,3.91865,0.95533,0.07661,8.39946,0,0,0.06096,0,0,0,0,0,0
GF24_B3_d74_cwash,0.477,0,0,0,0,0.78631,0,0,0,0,0,0,0,0,0,0,0,0,0.38916,0,0.21867,0,0,92.16328,5.96558,0,0,0,0,0,0,0,0,0,0
GF24_B4_33_cwash,1.22202,0,0,0,0,0,0,0,0.55134,0,2.56656,0,0,0,0,0,11.95434,1.06464,4.49591,5.59344,2.18288,0,0,70.36886,0,0,0,0,0,0,0,0,0,0,0
GF24_B4_d73_stool,0.4387,0,0,0,0,0,0,0,0,0,0,0,0,0,0,0,0,0,0,0,0,0,0,98.71743,0.84388,0,0,0,0,0,0,0,0,0,0
GF24_B4_d74_cwash,0.5879,0,0,0,0,0.90935,0,0,0.55192,0,2.03581,0,0,0,0,0,0.48793,0.54045,0.86179,0,1.69339,0,0,88.84303,3.44945,0,0,0.03898,0,0,0,0,0,0,0
GF24_B5_33_cwash,0,0,0,0,0,0.59813,0,0,1.14939,0,10.02289,0,0,0,0,0,2.71866,0,18.86976,0,0,0,0,66.64117,0,0,0,0,0,0,0,0,0,0,0
GF24_B6_33_cwash,0.51822,0,0,0,0,0,0,0,0,0,2.42365,0,0,0,0,0,1.37583,0.07519,19.17581,0,0,0,0,72.4218,4.00951,0,0,0,0,0,0,0,0,0,0
GF24_B7_33_cwash,0,0,0,0,0,0.46241,0,0,0.99356,0,6.00882,0,0,0,0,0,5.18322,0.65417,26.54279,2.30438,0.3119,0,0,57.53876,0,0,0,0,0,0,0,0,0,0,0
GF24_Bdam_d114_stool,18.05856,0,0,1.44612,0,4.91304,0,4.43316,2.23933,0,0.63949,0,0,0,0,0,34.10935,1.59739,9.05524,6.36765,0,0,4.68511,12.45556,0,0,0,0,0,0,0,0,0,0,0
GF24_C10_d86_cwash,1.44544,0,0,0,0,0.8445,0,0,0,0,5.75266,0,0,0,0,0,3.14522,0.67951,1.40888,0,0,0,5.54503,75.85698,4.95279,0,0.36899,0,0,0,0,0,0,0,0
GF24_C1_37_stool,1.70999,0,0,0,0,42.7093,0,0,0,0,0,0,0,0,0,0,0.57811,1.42608,0,0,0,0,0,51.03376,2.54276,0,0,0,0,0,0,0,0,0,0
GF24_C1_39_cwash,91.71634,0,0,0,0,5.60992,0,0,0,0,0,0,0,0,0,0,0,0,2.67374,0,0,0,0,0,0,0,0,0,0,0,0,0,0,0,0
GF24_C1_d108_cwash,0,0,0,0,0,0,0,0,0,0,0,0,0,0,0,0,0,0,0,0,0,0,0,87.86195,5.86688,0,6.27116,0,0,0,0,0,0,0,0
GF24_C1_d129_cwash,0.12746,0,0,0,0,55.25404,0,0,0,0,0,0,0,0,0,0,0,0.10692,0.02572,0,0.16442,0,4.62592,36.13739,2.22003,0,1.3381,0,0,0,0,0,0,0,0
GF24_C2_39_cwash,69.26263,0,0,0,0,5.68121,0,0,0,0,0,0,0,0,0,0,0,16.47843,8.57773,0,0,0,0,0,0,0,0,0,0,0,0,0,0,0,0
GF24_C2_d108_cwash,0.86403,0,0,0,0,0,0,0,0,0,3.2983,0,0,0,0,0,0,0.45061,6.40381,0,3.88538,0,2.76245,75.90488,5.60106,0,0.82947,0,0,0,0,0,0,0,0
GF24_C2_d129_cwash,0,0,0,0,0,0,0,0,0,0,0,0,0,0,0,0,0,0,0,0,0,0,1.21113,83.41627,11.03891,0,4.33368,0,0,0,0,0,0,0,0
GF24_C2_d86_cwash,1.8642,0,0,0,0,78.37529,0,0,0,0,2.75065,0,0,0,0,0,0.22047,1.07243,2.08909,0,0.7636,0,0,11.7173,1.02458,0,0,0.1224,0,0,0,0,0,0,0
GF24_C3_37_stool,2.39829,0,0,0,0,0,0,0,0,0,0,0,0,0,0,0,0.38191,0.58072,0,0,0,0,0,95.40089,1.2382,0,0,0,0,0,0,0,0,0,0
GF24_C3_38_cwash,90.05915,0,0,0,0,9.94085,0,0,0,0,0,0,0,0,0,0,0,0,0,0,0,0,0,0,0,0,0,0,0,0,0,0,0,0,0
GF24_C3_d108_cwash,0,0,0,0,0,0,0,0,0,0,0,0,0,0,0,0,0,0,0,0,0,0,56.49066,42.32375,0.56795,0,0.61764,0,0,0,0,0,0,0,0
GF24_C3_d129_cwash,0,0,0,0,0,0,0,0,0,0,1.59361,0,0,0,0,0,0,0.16038,0.40071,0,0.71785,0,25.04127,63.1806,2.92654,0,5.97903,0,0,0,0,0,0,0,0
GF24_C3_d85_stool,0.64769,0,0,0,0,0.66991,0,0,0,0,0.04312,0,0,0,0,0,0,0.58008,0,0,0,0,28.08054,66.40641,3.57224,0,0,0,0,0,0,0,0,0,0
GF24_C3_d86_cwash,4.22075,0,0,0,0,0,0,0,0,0,10.8554,0,0,0,0,0,1.713,1.45308,0.74238,0,0.02754,0,9.77208,65.54701,4.79313,0,0.46867,0.40696,0,0,0,0,0,0,0
GF24_C4_37_stool,3.39349,0,0,0,0,0.09748,0,0,0.09113,0,4.11284,0,0,0,0,0,1.16263,2.52862,0,0,0,0,0.10892,86.89866,1.60624,0,0,0,0,0,0,0,0,0,0
GF24_C4_38_cwash,80.81278,0,0,0,0,3.56893,0,0,0,0,0,0,0,0,0,0,0,12.17629,3.44199,0,0,0,0,0,0,0,0,0,0,0,0,0,0,0,0
GF24_C4_38_stool,0,0,0,0,0,28.30576,0,0,0,0,0,0,0,0,0,0,0,0,71.69424,0,0,0,0,0,0,0,0,0,0,0,0,0,0,0,0
GF24_C4_d108_cwash,0,0,0,0,0,0,0,0,0.7018,0,0,0,0,0,0,0,0,0,0.29337,0,0.42946,0,0,87.50024,3.40487,0,7.67027,0,0,0,0,0,0,0,0
GF24_C4_d129_cwash,1.1517,0,0,0,0,78.20194,0,0,0,0,0,0,0,0,0,0,0,0.15415,0,2.46784,1.09939,0,0.46265,14.07047,0.94971,0,1.44216,0,0,0,0,0,0,0,0
GF24_C4_d86_cwash,5.44855,0,0,0,0,0,0,0,0,0,0,0,0,0,0,0,0,0.06307,0.99128,0,0.38348,0,21.52091,62.0917,5.32601,0,4.175,0,0,0,0,0,0,0,0
GF24_C5_36_stool,0.84695,0,0,0,0,80.12739,0,0,0,0,0,0,0,0,0,0,0,0,0,0,0,0,0,18.11907,0.9066,0,0,0,0,0,0,0,0,0,0
GF24_C5_38_stool,81.5583,0,0,0,0,0,0,0,0,0,0,0,0,0,0,0,0,0,18.4417,0,0,0,0,0,0,0,0,0,0,0,0,0,0,0,0
GF24_C5_d108_cwash,0.13626,0,0,0,0,0,0,0,0,0,0,0,0,0,0,0,0,0,0,0,0,0,0.35797,86.36673,7.2872,0,5.85184,0,0,0,0,0,0,0,0
GF24_C5_d129_cwash,0.093,0,0,0,0,0,0,0,0.08331,0,0.95225,0,0,0,0,0,0,0.40503,0,1.06939,1.20111,0,26.4482,59.5929,9.24172,0,0.12518,0.7879,0,0,0,0,0,0,0
GF24_C5_d85_stool,0.8457,0,0,0,0,0,0,0,0,0,0.22112,0,0,0,0,0,0,0.12435,0,0,0,0,23.3146,71.29823,4.14812,0,0.04787,0,0,0,0,0,0,0,0
GF24_C5_d86_cwash,0,0,0,0,0,0,0,0,0,0,0,0,0,0,0,0,0,0,3.30096,0,0,0,27.61058,47.66011,2.3706,0,19.05775,0,0,0,0,0,0,0,0
GF24_C6_36_stool,4.17908,0,0,0,0,1.33152,0,0,0,0,0,0,0,0,0,0,0.36595,1.74696,0,0,0,0,0,87.1415,5.23499,0,0,0,0,0,0,0,0,0,0
GF24_C6_37_stool,4.91908,0,0,0,0,0.2098,0,0,0,0,0.22594,0,0,0,0,0,4.0486,1.53885,0,0,0,0,0.19075,85.69174,3.17523,0,0,0,0,0,0,0,0,0,0
GF24_C6_38_stool,97.36824,0,0,0,0,1.58053,0,0,0,0,0,0,0,0,0,0,0,0,1.05123,0,0,0,0,0,0,0,0,0,0,0,0,0,0,0,0
GF24_C6_d108_cwash,0.22189,0,0,0,0,0,0,0,1.41704,0,1.4879,0,0,0,0,0,1.01851,1.31306,0.69186,0,2.53131,0,5.85532,82.25033,2.86659,0,0.34618,0,0,0,0,0,0,0,0
GF24_C6_d129_cwash,0.23983,0,0,0,0,51.59529,0,0,0,0,0.69285,0,0,0,0,0,0,0,0,0,0.529,0,0,38.47097,3.03718,0,5.43488,0,0,0,0,0,0,0,0
GF24_C6_d85_stool,0,0,0,0,0,0,0,0,0,0,0,0,0,0,0,0,0,0,0,0,0,0,0,100,0,0,0,0,0,0,0,0,0,0,0
GF24_C6_d86_cwash,0.70037,0,0,0,0,0,0,0,0,0,0,0,0,0,0,0,0,0,4.85169,0,5.42031,0,36.97272,52.0549,0,0,0,0,0,0,0,0,0,0,0
GF24_C7_d108_cwash,0,0,0,0,0,0,0,0,0,0,0,0,0,0,0,0,0,0,0,0,0,0,17.52641,69.64486,3.04408,0,9.78465,0,0,0,0,0,0,0,0
GF24_C7_d129_cwash,0,0,0,0,0,45.61454,0,0,0,0,0.64182,0,0,0,0,0,0,0.35553,0,0,0.2306,0,17.78465,31.56296,2.38661,0,1.42329,0,0,0,0,0,0,0,0
GF24_C7_d85_stool,1.21395,0,0,0,0,0.38402,0,0,0,0,0.13169,0,0,0,0,0,0.22455,0.61491,0,0,0,0,27.76704,65.96759,3.69626,0,0,0,0,0,0,0,0,0,0
GF24_C7_d86_cwash,6.75369,0,0,0,0,0,0,0,0,0,1.9052,0,0,0,0,0,0.26864,0.38985,2.51154,0,2.57462,0,16.41812,64.40818,4.52112,0,0.24903,0,0,0,0,0,0,0,0
GF24_C8_d108_cwash,0.15403,0,0,0,0,0,0,0,0,0,0,0,0,0,0,0,0,0.02829,0,0,0.0381,0,0,95.90078,2.3048,0,1.574,0,0,0,0,0,0,0,0
GF24_C8_d85_stool,3.0528,0,0,0,0,0,0,0,0,0,0,0,0,0,0,0,0,0,0,0,0,0,39.35212,54.46812,3.12696,0,0,0,0,0,0,0,0,0,0
GF24_C8_d86_cwash,1.62731,0,0,0,0,1.78725,0,0,0.3722,0,3.68717,0,0,0,0,0,1.38789,2.08249,3.01807,0.33095,3.03798,0,33.26181,44.04073,5.16269,0,0.20345,0,0,0,0,0,0,0,0
GF24_C9_d108_cwash,0.40003,0,0,0,0,0,0,0,0,0,0.44036,0,0,0,0,0,0.56012,0,8.08546,0,3.04266,0,0,79.16145,2.92836,0,5.38156,0,0,0,0,0,0,0,0
GF24_C9_d85_stool,1.66079,0,0,0,0,0,0,0,0,0,0.00925,0,0,0,0,0,0.05049,1.07031,0,0.08277,0,0,20.54507,73.65492,2.92639,0,0,0,0,0,0,0,0,0,0
GF24_C9_d86_cwash,3.74869,0,0,0,0,1.73504,0,0,0,0,3.37308,0,0,0,0,0,2.8937,1.17872,5.87031,0,4.10355,0,20.18318,54.02096,2.06005,0,0.83271,0,0,0,0,0,0,0,0
GF24_Cdam_d108_stool,12.76876,0,14.28209,0,0,7.61672,0,3.92857,6.12267,0,0,0,0,0,0,0,21.77613,3.36885,18.60214,3.42095,0,0,0,6.45223,0.17137,1.48951,0,0,0,0,0,0,0,0,0
GF24_damA_18_stool,17.73209,0,24.07472,0.19872,0,6.59684,0,7.6446,4.32674,0,1.01147,0,0,0,0,0,18.21016,1.95433,6.60057,2.23089,0,0,9.41886,0,0,0,0,0,0,0,0,0,0,0,0
GF24_damA_3_stool,7.59921,0,0,0,0,3.79768,0,2.89345,5.62294,0,2.1976,0,0,0,0,0,11.30186,7.37651,17.96868,8.71908,0,0,24.63671,7.18317,0.7031,0,0,0,0,0,0,0,0,0,0
GF24_damA_8_stool,8.91771,0,9.39399,1.32385,0,7.79834,0,5.54911,9.06392,0,1.7242,0,0,0,0,0,2.61537,7.6229,19.16549,7.08664,0,0,17.86085,1.70946,0.16817,0,0,0,0,0,0,0,0,0,0
GF24_damB_3_stool,2.77366,0,0,0,0,0.71875,0,1.38798,6.16954,0,3.34358,0,0,0,0,0,57.958,10.32229,4.86025,4.4086,0.04834,0,7.24064,0.68293,0.05739,0.01786,0,0,0.01017,0,0,0,0,0,0
GF24_damB_8_stool,11.09428,0,19.66932,0,0,5.76233,0,4.96616,1.72112,0,0,0,0,0,0,0,12.26092,0.28971,28.20472,2.7619,0,0,13.26953,0,0,0,0,0,0,0,0,0,0,0,0
GF24_damC_30_stool,3.42561,0,39.39149,0.03711,0,9.07969,0,8.38378,1.02071,0,0.03707,0,0,0,0,0,5.85111,1.16753,6.12858,1.39748,0,0,1.15416,13.2612,0.42437,8.99609,0,0,0.24403,0,0,0,0,0,0
GF24_damC_3_stool,4.12662,0,0,0,0,0.70718,0,0.67333,10.60111,0,3.51533,0,0,0,0,0,39.99704,11.29807,8.52129,8.59389,0.0104,0,10.39974,1.42014,0.03714,0.09871,0,0,0,0,0,0,0,0,0
GF24_damC_51_stool,25.71135,0,0,0,0,6.15013,0,0,13.59141,0,0.90351,0,0,0,0,0,11.84366,8.36784,18.95702,4.91077,0.17906,0,4.58549,1.75191,0,2.76829,0,0,0.27956,0,0,0,0,0,0
GF24_Inoc_0,7.01883,0,0.04989,0,0,0.13668,0,0.0503,3.73174,0,0.85446,0,9.03552,0,0,0,2.70375,3.0071,2.21149,0.2995,0,0,0.24734,68.29492,2.08031,0,0,0,0,0.27815,0,0,0,0,0
GF26_A1_d101_cwash,0,0,0,0,0,1.57297,0,0,0,0,0,0,0,0,0,0,0,0,0,0,0,0,0,0,79.29276,0,0.58342,0,0,0,14.83241,3.71844,0,0,0
GF26_A1_d65_cwash,0,0,0,0,0,0,0,0,0,0,0,0,0,0,0,0,0,0,0,0,0,0,0,0,0,0,0,100,0,0,0,0,0,0,0
GF26_A2_d101_cwash,0,0,0,0,0,58.95254,0,0,0,0,0,0,0,0,0,0,0,0,0,0,0,0,0,0,34.33203,0,0.50298,0,0,0,4.83619,1.37627,0,0,0
GF26_A2_d149_cwash,0,0,0,0,0,0,0,0,0,0,0,0,0,0,0,0,0,0,0,0,0,0,0,0,91.01255,0,0,0,0,0,8.98745,0,0,0,0
GF26_A3_d101_cwash,0,0,0,0,0,0.50808,0,0,0,0,0,0,0,0,0,0,0,0,0,0,0,0,0,0,81.94642,0,0.32624,0,0,0,15.12082,2.09844,0,0,0
GF26_A3_d149_cwash,0,0,0,0,0,0,0,98.86013,0,0,0,0,0,0,0,0,0,0,0,0,0,0,0,0,1.13987,0,0,0,0,0,0,0,0,0,0
GF26_A4_d101_cwash,0,0,0,0,0,0.17417,0,0,0,0,0,0,0,0,0,0,0,0,0,0,0,0,0,0,82.90228,0,0.05365,0.04297,0,0,13.94018,2.88676,0,0,0
GF26_A4_d146_stool,0,0,0,0,0,4.62663,0,0,0,0,0,0,0,0,0,0,0,0,0,0,0,0,0,0,80.23327,0,0,0,0,0,12.51751,2.62259,0,0,0
GF26_A4_d147_stool,0,0,0,0,0,4.19587,0,0,0,0,0,0,0,0,0,0,0,0,0,0,0,0,0,0,78.08452,0,0,0,0,0,15.96511,1.7545,0,0,0
GF26_A4_d148_stool,0,0,0,0,0,0.7731,0,0,0,0,0,0,0,0,0,0,0,0,0,0,0,0,0,0,82.52082,0,0,0,0,0,14.45425,2.25183,0,0,0
GF26_A4_d65_cwash,0,0,0,0,0,0,0,0,0,0,0,0,0,0,0,0,0,0,0,0,0,0,0,0,0,0,0,100,0,0,0,0,0,0,0
GF26_A5_d101_cwash,0,0,0,0,0,0.22163,0,0,0,0,0,0,0,0,0,0,0,0,0,0,0,0,0,0,82.60077,0,0.21013,0,0,0,13.77875,3.18871,0,0,0
GF26_A7_d65_cwash,0,0,0,0,0,0,0,0,0,0,0,0,0,0,0,0,0,0,0,0,0,0,0,0,0,0,100,0,0,0,0,0,0,0,0
GF26_A9_d149_cwash,0,0,0,0,0,0,0,44.50616,0,0,0,0,0,0,0,0,0,0,0,0,0,0,0,0,42.04434,0,1.33428,0,0,0,10.51842,1.5968,0,0,0
GF26_Adam_d148_stool,0,0,0,0,0,6.80516,0,1.72608,0,0,0,0,0,0,0,0,0,0,0,0,0,0,0,0,74.09126,0,0,0,0,0,14.18584,2.64418,0.54748,0,0
GF26_Adam_d98_stool,0,0,0,0,0,36.39138,0,2.98327,0,0,0,0,0,0,0,0,0,0,0,0,0,0,0,0,48.12177,0,0.0569,0,0,0,8.60642,1.7059,2.13436,0,0
GF26_Bdam_d133_stool,0,0,0,0,0,24.9951,0,5.08578,0,0,0,0,0,0,0,0,0,0,0,0,0,0,0,0,56.70097,0,0,0,0,0,9.71755,1.22552,2.27508,0,0
GF26_Bdam_d85_stool,0,0,0,0,0,9.39585,0,3.76597,0,0,0,0,0,0,0,0,0,0,0,0,0,0,0,0,70.92864,0,0,0,0,0,12.06573,2.31816,1.52564,0,0
GF26_Bdam_d91_stool,0,0,0,0,0,16.39283,0,4.86243,0,0,0,0,0,0,0,0,0,0,0,0,0,0,0,0,63.23283,0,0,0,0,0,10.63763,2.04324,2.83105,0,0
GF26_Cdam_d98_stool,14.97965,0,0,5.40198,0,2.94427,0,2.16953,2.89643,0,0.26094,0,0,0,0,0,25.70991,0.84793,9.83427,5.03825,0,0,11.99781,16.72097,0.90958,0.22359,0.02174,0,0.04314,0,0,0,0,0,0
GF27_A1_d33_cwash,0.11902,0,0,0,0,0,0,0,0,0,4.23615,0,0,0,0,0,1.30782,0.21588,3.15951,0,0.09225,0,0,83.93119,4.88426,0,2.05392,0,0,0,0,0,0,0,0
GF27_A2_d33_cwash,0,0,0,0,0,0,0,0,0,0,2.91825,0,0,0,0,0,0.69356,0.09547,5.34267,7.5553,0,0,0,72.95344,1.97741,0,8.46391,0,0,0,0,0,0,0,0
GF27_A3_d33_cwash,0,0,0,0,0,0,0,0,0,0,5.9483,0,0,0,0,0,2.34732,0.98583,2.69095,0,0.47271,0,0,82.75478,2.06709,0,2.73302,0,0,0,0,0,0,0,0
GF27_A6_d33_cwash,0,0,0,0,0,0,0,0,0,0,2.35805,0,0,0,0,0,3.36353,0.21406,1.93248,0.3168,0,0,0,82.83296,5.06279,0,3.91934,0,0,0,0,0,0,0,0
GF27_A7_d33_cwash,0,0,0,0,0,0,0,0,0,0,3.25677,0,0,0,0,0,0.74253,0.03793,3.08694,0,0.25633,0,11.1401,68.12133,9.56867,0,3.7894,0,0,0,0,0,0,0,0
GF27_A8_d33_cwash,0,0,0,0,0,0.54539,0,0,0,0,2.57509,0,0,0,0,0,2.89258,0.14527,1.05191,4.48541,0.05479,0,0,76.61184,3.74474,0,7.89298,0,0,0,0,0,0,0,0
GF27_GF27_Inoc,29.34148,0,0.03931,0,0,0,0,0,0.77853,0,0,0,3.021,0,0,0,0.21587,0.95278,0.39551,0.06071,0,0,0.12613,37.72369,0.91852,0,0,0,0,0.12803,0,0,0,25.82652,0.47192
Gn3_6B_dam_210806,0,0,0,0,0,100,0,0,0,0,0,0,0,0,0,0,0,0,0,0,0,0,0,0,0,0,0,0,0,0,0,0,0,0,0
Gn3_6B_dam_210818,0,0,0,0,0,100,0,0,0,0,0,0,0,0,0,0,0,0,0,0,0,0,0,0,0,0,0,0,0,0,0,0,0,0,0
Gn4_G_Innoc,0,0,0,0,0,6.5465,0,0,0,0,0,0,0,0,0,0,0,0,0,0,0,0,0,0,0,0,0,0,0,0,0,0,0,93.4535,0