Sample,Enterococcus,Anaerococcus,Varibaculum,Finegoldia,Bifidobacterium,Escherichia,Streptococcus,Clostridium,Citrobacter,Staphylococcus,Veillonella,Morganella,Pseudomonas,Clostridioides,Erysipelatoclostridium,Proteus,Klebsiella,Achromobacter,Enterobacter,Dermabacter
GF20_d0_inoc,34.77182,28.40982,13.35631,8.00946,6.23767,3.15082,2.47017,1.57718,1.3836,0.37415,0.25901,0,0,0,0,0,0,0,0,0
GF20_d161_b6,0,0,0,0,0.05118,91.24548,0,0,8.70335,0,0,0,0,0,0,0,0,0,0,0
GF20_d35_a3,0,0,0,0,0,68.87012,0,0,6.20198,0,0,24.68436,0.24354,0,0,0,0,0,0,0
GF23_d19_dama,4.32707,0.06055,5.03338,0.37881,0.47033,3.78747,0,59.98579,0.44737,0,0,0.90098,0,15.08686,7.55259,1.90364,0.06516,0,0,0
GF23_d35_c1,0,0,0,0,0,0.8245,0,0,0,0,0,0,0,0,0,0,99.1755,0,0,0
GF23_d47_dama,5.00091,0,50.32305,0.21676,3.68239,9.84813,0,14.54251,2.21644,0,0,6.52505,0,2.56214,3.1011,0.85861,1.12291,0,0,0
GF23_d47_damc,12.68241,0.13687,32.19154,0.84491,2.91932,11.33379,0,8.37576,3.37564,0,0,5.25822,0,3.48915,15.43613,2.92759,1.02867,0,0,0
GF23_d52_a1,0,0,0,0,0,27.22273,0,0,0,0,0,0,0,0,0,0,72.77727,0,0,0
GF23_d52_a6,0.09027,0,0,0,0,3.72419,0,0,1.50268,0,0,0,0,0,0,0.29416,94.3887,0,0,0
GF23_d56_c2,0.44933,0,0,0,0,12.65785,0,0,0,0,0,0,0,0,0,0,86.89282,0,0,0
GF23_d57_c4,0,0,0,0,0,90.12424,0,0,0,0,0,0,0,0,0,0,9.87576,0,0,0
GF23_d57_c5,0,0,0,0,0,100,0,0,0,0,0,0,0,0,0,0,0,0,0,0
GF23_damA_32_stool,6.66451,0,46.85998,0.00817,0.98403,13.29059,0,10.89855,4.43937,0,0,6.84241,0,1.58928,5.40589,1.18115,1.83607,0,0,0
GF23_damC_10_stool,3.85513,0.07523,0,0.21733,37.25817,1.88358,0,27.65855,0.42063,0,0,1.63256,0,20.19753,3.70466,2.92418,0.17245,0,0,0
GF23_damC_32_stool,4.03709,0,55.23432,0.11474,1.92523,10.33187,0,9.50382,3.12153,0,0,5.09226,0,2.37857,4.79713,0.6647,2.79875,0,0,0
GF24_A10_d131_cwash,0,0,0,0,0,0,0,0.9635,0,0,0,0,0,0.16791,2.08378,0,88.24783,8.53697,0,0
GF24_A1_36_stool,1.02098,0,0,0,0,0.4302,0,0.60212,0,0,0,0,0,0.09073,0,0,97.85598,0,0,0
GF24_A1_39_cwash,0,0,0,0,0,27.81943,0,18.84996,0,0,0,0,0,0.94453,4.76087,0,47.62522,0,0,0
GF24_A1_d108_cwash,0,0,0,0,0,0,0,0,0,0,0,0,0,0,0.4353,0,89.28446,10.28024,0,0
GF24_A1_d131_cwash,0,0,0,0,0,0,0,0.58344,0,0,0,0,0,0,0,0,97.3517,2.06486,0,0
GF24_A1_d73_stool,1.66532,0,0,0,0,0,0,0,0,0,0,0,0,0.25705,0,0,98.07763,0,0,0
GF24_A1_d74_cwash,1.27674,0,0,0,0,0.90137,0,5.80864,0,0,0,0,0,0.7034,0.3969,0,90.19115,0.72182,0,0
GF24_A2_36_stool,3.12937,0,0,0,0,0.18359,0,2.11395,0,0,0,0,0,1.63314,0,0.89383,92.04611,0,0,0
GF24_A2_39_cwash,0.40511,0,0,0,0,5.97828,0,42.54257,0,0,0,0,0,4.59068,17.22617,0,29.25719,0,0,0
GF24_A2_d108_cwash,0.87623,0,0,0,0,0,0,2.48584,0,0,0,0,0,0.55795,0.97106,0,76.46441,18.64452,0,0
GF24_A2_d131_cwash,0.39337,0,0,0,0,0,0,0,0,0,0,0,0,0,0,0,95.63788,3.96875,0,0
GF24_A2_d73_stool,1.24658,0,0,0,0,0,0,0,0,0,0,0,0,0.13054,0,0,98.62288,0,0,0
GF24_A3_37_stool,0.65955,0,0,0,0,0.22657,0,0,0,0,0,0,0,0,0,0,99.11388,0,0,0
GF24_A3_38_stool,2.44983,0,0,0.07579,0,23.52833,0,0.28434,0,0,0,0,0,0.91485,0,0,72.74686,0,0,0
GF24_A3_39_cwash,0,0,0,0,0,50.96611,0,23.33109,0,0,0,0,0,0.08189,19.11068,0,6.51023,0,0,0
GF24_A3_d108_cwash,0.28492,0,0,0,0,0,0,10.44087,0,0,0,0,0,1.36142,0.93959,0,85.45194,1.52126,0,0
GF24_A3_d131_cwash,0,0,0,0,0,0,0,5.40634,0,0,0,0,0,0,1.34389,0,91.90315,1.34662,0,0
GF24_A4_38_stool,1.34371,0,0,0.63703,0,2.30292,0,39.84593,0,0,0,0,0,3.90359,6.44724,0.00811,45.51146,0,0,0
GF24_A4_39_cwash,2.58502,0,0,0,0,10.61904,0,59.81052,0,0,0,0,0,7.4607,10.21578,0,9.30895,0,0,0
GF24_A4_d108_cwash,0,0,0,0,0,0,0,5.96435,0,0,0,0,0,0,0,0,86.4956,7.54005,0,0
GF24_A4_d131_cwash,2.44073,0,0,0,0,0,0,2.78975,0,0,0,0,0,0.01349,0,0,91.95874,2.79728,0,0
GF24_A4_d74_cwash,2.14616,0,0,0,0,0,0,0.70412,0,0,0,0,0,0,0,0,86.70327,10.44646,0,0
GF24_A5_d108_cwash,0.28981,0,0,0,0,0,0,8.6685,0,0,0,0,0,0.51196,0.85849,0,88.21968,1.45155,0,0
GF24_A5_d131_cwash,2.14237,0,0,0,0,0,0,0,0,0,0,0,0,0.72201,0,11.6068,85.1713,0.35751,0,0
GF24_A5_d74_cwash,0.30118,0,0,0,0,0,0,7.66008,0,0,0,0,0,1.06605,3.65708,1.6214,85.60749,0.08672,0,0
GF24_A6_36_stool,0,0,0,0,0,0,0,0,0,0,0,0,0,0,0,0,100,0,0,0
GF24_A6_39_cwash,1.36928,0,0,0,0,32.67839,0,46.18992,0,0,0,0,0,12.66939,7.09301,0,0,0,0,0
GF24_A6_d108_cwash,0,0,0,0,0,0,0,0.16753,0,0,0,0,0,0,0,0,98.73138,1.10109,0,0
GF24_A6_d131_cwash,0,0,0,0,0,0,0,10.87601,0,0,0,0,0,0,2.36883,0,85.83034,0.92482,0,0
GF24_A6_d74_cwash,0,0,0,0,0,36.18061,0,0,0,0,0,0,0,0,0,1.45475,60.70789,1.65675,0,0
GF24_A7_36_stool,0,0,0,0,0,0,0,0,0,0,0,0,0,0,0,0,100,0,0,0
GF24_A7_37_stool,0,0,0,0,0,0,0,0,0,0,0,0,0,0,0,0,100,0,0,0
GF24_A7_39_cwash,1.9739,0,0,0,0,4.86083,0,35.27437,0,0,0,0,0,12.09772,8.4463,0,37.34688,0,0,0
GF24_A7_d108_cwash,0.02807,0,0,0,0,0,0,1.20289,0,0,0,0,0,0.12484,2.38316,6.23287,88.38242,1.64576,0,0
GF24_A7_d131_cwash,0,0,0,0,0,0,0,0.986,0,0,0,0,0,0,0,0,88.38884,10.62517,0,0
GF24_A7_d74_cwash,0,0,0,0,0,60.62201,0,0,0,0,0,0,0,0,0,2.12588,36.89165,0.36045,0,0
GF24_A8_d108_cwash,0,0,0,0,0,0,0,0,0,0,0,0,0,0,0,0,92.99341,7.00659,0,0
GF24_A8_d131_cwash,0,0,0,0,0,0,0,0,0,0,0,0,0,0,0,0,90.52903,9.47097,0,0
GF24_A9_d108_cwash,2.19589,0,0,0,0,0,0,0.65044,0,0,0,0,0,0.79992,0,0,96.30511,0.04864,0,0
GF24_A9_d131_cwash,0.41796,0,0,0,0,0,0,0.01559,0,0,0,0,0,0.03211,0,0,98.95977,0.57456,0,0
GF24_Adam_d100_stool,14.36591,0,10.66965,2.92344,0,8.11377,0,22.92362,0.61991,0,0,0,0,2.89595,6.96767,9.51886,21.00122,0,0,0
GF24_B1_33_cwash,0,0,0,0,0,17.35613,0,13.34926,0,0,0,0,0,0,12.97329,0,56.32132,0,0,0
GF24_B1_64_cwash,3.32586,0,0,0,0,7.53504,0,27.80806,9.97438,0,0,0,0,22.3587,6.94088,4.16312,17.89396,0,0,0
GF24_B2_33_cwash,0.10538,0,0,0,0,0,0,18.68918,0,0,0,0,0,2.1883,5.50348,6.15116,67.3625,0,0,0
GF24_B2_64_cwash,3.61477,0,0,0,0,4.49026,0,31.74138,5.86667,0,0,0,0,23.94761,11.91985,4.75078,12.28017,0,1.38851,0
GF24_B2_d74_cwash,2.82407,0,0,0,0,0.61315,0,7.16419,0,0,0,0,0,1.66138,0,0,87.40753,0.32969,0,0
GF24_B3_33_cwash,0.41171,0,0,0,0,0,0,18.80378,0,0,0,0,0,1.69707,6.55996,13.13572,59.39177,0,0,0
GF24_B3_64_cwash,1.5001,0,0,0,0,4.46656,0,34.40679,4.12557,0,0,0,0,24.75597,14.98928,2.34473,13.35005,0,0.06096,0
GF24_B3_d74_cwash,0.477,0,0,0,0,0.78631,0,0.21867,0,0,0,0,0,0,0.38916,0,98.12886,0,0,0
GF24_B4_33_cwash,1.22202,0,0,0,0,0,0,17.25512,0,0,0,0,0,1.06464,4.49591,5.59344,70.36886,0,0,0
GF24_B4_d73_stool,0.4387,0,0,0,0,0,0,0,0,0,0,0,0,0,0,0,99.5613,0,0,0
GF24_B4_d74_cwash,0.5879,0,0,0,0,0.90935,0,4.76904,0,0,0,0,0,0.54045,0.86179,0,92.29248,0.03898,0,0
GF24_B5_33_cwash,0,0,0,0,0,0.59813,0,13.89093,0,0,0,0,0,0,18.86976,0,66.64117,0,0,0
GF24_B6_33_cwash,0.51822,0,0,0,0,0,0,3.79947,0,0,0,0,0,0.07519,19.17581,0,76.43131,0,0,0
GF24_B7_33_cwash,0,0,0,0,0,0.46241,0,12.4975,0,0,0,0,0,0.65417,26.54279,2.30438,57.53876,0,0,0
GF24_Bdam_d114_stool,18.05856,0,0,1.44612,0,4.91304,0,36.98817,4.43316,0,0,0,0,1.59739,9.05524,6.36765,17.14066,0,0,0
GF24_C10_d86_cwash,1.44544,0,0,0,0,0.8445,0,8.89789,0,0,0,0,0,0.67951,1.40888,0,86.3548,0.36899,0,0
GF24_C1_37_stool,1.70999,0,0,0,0,42.7093,0,0.57811,0,0,0,0,0,1.42608,0,0,53.57652,0,0,0
GF24_C1_39_cwash,91.71634,0,0,0,0,5.60992,0,0,0,0,0,0,0,0,2.67374,0,0,0,0,0
GF24_C1_d108_cwash,0,0,0,0,0,0,0,0,0,0,0,0,0,0,0,0,93.72884,6.27116,0,0
GF24_C1_d129_cwash,0.12746,0,0,0,0,55.25404,0,0.16442,0,0,0,0,0,0.10692,0.02572,0,42.98334,1.3381,0,0
GF24_C2_39_cwash,69.26263,0,0,0,0,5.68121,0,0,0,0,0,0,0,16.47843,8.57773,0,0,0,0,0
GF24_C2_d108_cwash,0.86403,0,0,0,0,0,0,7.18368,0,0,0,0,0,0.45061,6.40381,0,84.2684,0.82947,0,0
GF24_C2_d129_cwash,0,0,0,0,0,0,0,0,0,0,0,0,0,0,0,0,95.66632,4.33368,0,0
GF24_C2_d86_cwash,1.8642,0,0,0,0,78.37529,0,3.73471,0,0,0,0,0,1.07243,2.08909,0,12.74188,0.1224,0,0
GF24_C3_37_stool,2.39829,0,0,0,0,0,0,0.38191,0,0,0,0,0,0.58072,0,0,96.63909,0,0,0
GF24_C3_38_cwash,90.05915,0,0,0,0,9.94085,0,0,0,0,0,0,0,0,0,0,0,0,0,0
GF24_C3_d108_cwash,0,0,0,0,0,0,0,0,0,0,0,0,0,0,0,0,99.38236,0.61764,0,0
GF24_C3_d129_cwash,0,0,0,0,0,0,0,2.31147,0,0,0,0,0,0.16038,0.40071,0,91.14841,5.97903,0,0
GF24_C3_d85_stool,0.64769,0,0,0,0,0.66991,0,0.04312,0,0,0,0,0,0.58008,0,0,98.05919,0,0,0
GF24_C3_d86_cwash,4.22075,0,0,0,0,0,0,12.59593,0,0,0,0,0,1.45308,0.74238,0,80.11221,0.87563,0,0
GF24_C4_37_stool,3.39349,0,0,0,0,0.09748,0,5.3666,0,0,0,0,0,2.52862,0,0,88.61381,0,0,0
GF24_C4_38_cwash,80.81278,0,0,0,0,3.56893,0,0,0,0,0,0,0,12.17629,3.44199,0,0,0,0,0
GF24_C4_38_stool,0,0,0,0,0,28.30576,0,0,0,0,0,0,0,0,71.69424,0,0,0,0,0
GF24_C4_d108_cwash,0,0,0,0,0,0,0,1.13126,0,0,0,0,0,0,0.29337,0,90.9051,7.67027,0,0
GF24_C4_d129_cwash,1.1517,0,0,0,0,78.20194,0,1.09939,0,0,0,0,0,0.15415,0,2.46784,15.48283,1.44216,0,0
GF24_C4_d86_cwash,5.44855,0,0,0,0,0,0,0.38348,0,0,0,0,0,0.06307,0.99128,0,88.93862,4.175,0,0
GF24_C5_36_stool,0.84695,0,0,0,0,80.12739,0,0,0,0,0,0,0,0,0,0,19.02566,0,0,0
GF24_C5_38_stool,81.5583,0,0,0,0,0,0,0,0,0,0,0,0,0,18.4417,0,0,0,0,0
GF24_C5_d108_cwash,0.13626,0,0,0,0,0,0,0,0,0,0,0,0,0,0,0,94.0119,5.85184,0,0
GF24_C5_d129_cwash,0.093,0,0,0,0,0,0,2.23667,0,0,0,0,0,0.40503,0,1.06939,95.28282,0.91308,0,0
GF24_C5_d85_stool,0.8457,0,0,0,0,0,0,0.22112,0,0,0,0,0,0.12435,0,0,98.76096,0.04787,0,0
GF24_C5_d86_cwash,0,0,0,0,0,0,0,0,0,0,0,0,0,0,3.30096,0,77.64129,19.05775,0,0
GF24_C6_36_stool,4.17908,0,0,0,0,1.33152,0,0.36595,0,0,0,0,0,1.74696,0,0,92.37649,0,0,0
GF24_C6_37_stool,4.91908,0,0,0,0,0.2098,0,4.27455,0,0,0,0,0,1.53885,0,0,89.05772,0,0,0
GF24_C6_38_stool,97.36824,0,0,0,0,1.58053,0,0,0,0,0,0,0,0,1.05123,0,0,0,0,0
GF24_C6_d108_cwash,0.22189,0,0,0,0,0,0,6.45476,0,0,0,0,0,1.31306,0.69186,0,90.97225,0.34618,0,0
GF24_C6_d129_cwash,0.23983,0,0,0,0,51.59529,0,1.22185,0,0,0,0,0,0,0,0,41.50815,5.43488,0,0
GF24_C6_d85_stool,0,0,0,0,0,0,0,0,0,0,0,0,0,0,0,0,100,0,0,0
GF24_C6_d86_cwash,0.70037,0,0,0,0,0,0,5.42031,0,0,0,0,0,0,4.85169,0,89.02763,0,0,0
GF24_C7_d108_cwash,0,0,0,0,0,0,0,0,0,0,0,0,0,0,0,0,90.21535,9.78465,0,0
GF24_C7_d129_cwash,0,0,0,0,0,45.61454,0,0.87242,0,0,0,0,0,0.35553,0,0,51.73422,1.42329,0,0
GF24_C7_d85_stool,1.21395,0,0,0,0,0.38402,0,0.35624,0,0,0,0,0,0.61491,0,0,97.43088,0,0,0
GF24_C7_d86_cwash,6.75369,0,0,0,0,0,0,4.74847,0,0,0,0,0,0.38985,2.51154,0,85.34742,0.24903,0,0
GF24_C8_d108_cwash,0.15403,0,0,0,0,0,0,0.0381,0,0,0,0,0,0.02829,0,0,98.20558,1.574,0,0
GF24_C8_d85_stool,3.0528,0,0,0,0,0,0,0,0,0,0,0,0,0,0,0,96.9472,0,0,0
GF24_C8_d86_cwash,1.62731,0,0,0,0,1.78725,0,8.48524,0,0,0,0,0,2.08249,3.01807,0.33095,82.46523,0.20345,0,0
GF24_C9_d108_cwash,0.40003,0,0,0,0,0,0,4.04313,0,0,0,0,0,0,8.08546,0,82.08981,5.38156,0,0
GF24_C9_d85_stool,1.66079,0,0,0,0,0,0,0.05974,0,0,0,0,0,1.07031,0,0.08277,97.12639,0,0,0
GF24_C9_d86_cwash,3.74869,0,0,0,0,1.73504,0,10.37034,0,0,0,0,0,1.17872,5.87031,0,76.2642,0.83271,0,0
GF24_Cdam_d108_stool,12.76876,0,14.28209,0,0,7.61672,0,27.8988,3.92857,0,0,0,0,3.36885,18.60214,3.42095,8.11312,0,0,0
GF24_damA_18_stool,17.73209,0,24.07472,0.19872,0,6.59684,0,23.54837,7.6446,0,0,0,0,1.95433,6.60057,2.23089,9.41886,0,0,0
GF24_damA_3_stool,7.59921,0,0,0,0,3.79768,0,19.12241,2.89345,0,0,0,0,7.37651,17.96868,8.71908,32.52298,0,0,0
GF24_damA_8_stool,8.91771,0,9.39399,1.32385,0,7.79834,0,13.40349,5.54911,0,0,0,0,7.6229,19.16549,7.08664,19.73848,0,0,0
GF24_damB_3_stool,2.77366,0,0,0,0,0.71875,0,67.51946,1.38798,0,0,0,0,10.32229,4.86025,4.4086,7.99883,0,0.01017,0
GF24_damB_8_stool,11.09428,0,19.66932,0,0,5.76233,0,13.98204,4.96616,0,0,0,0,0.28971,28.20472,2.7619,13.26953,0,0,0
GF24_damC_30_stool,3.42561,0,39.39149,0.03711,0,9.07969,0,6.90888,8.38378,0,0,0,0,1.16753,6.12858,1.39748,23.83581,0,0.24403,0
GF24_damC_3_stool,4.12662,0,0,0,0,0.70718,0,54.12389,0.67333,0,0,0,0,11.29807,8.52129,8.59389,11.95573,0,0,0
GF24_damC_51_stool,25.71135,0,0,0,0,6.15013,0,26.51764,0,0,0,0,0,8.36784,18.95702,4.91077,9.10569,0,0.27956,0
GF24_Inoc_0,7.01883,0,0.04989,0,0,0.13668,0.27815,7.28996,0.0503,0,9.03552,0,0,3.0071,2.21149,0.2995,70.62258,0,0,0
GF26_A1_d101_cwash,0,0,0,0,0,1.57297,0,0,0,0,0,0,0,0,0,0,97.84361,0.58342,0,0
GF26_A1_d65_cwash,0,0,0,0,0,0,0,0,0,0,0,0,0,0,0,0,0,100,0,0
GF26_A2_d101_cwash,0,0,0,0,0,58.95254,0,0,0,0,0,0,0,0,0,0,40.54448,0.50298,0,0
GF26_A2_d149_cwash,0,0,0,0,0,0,0,0,0,0,0,0,0,0,0,0,100,0,0,0
GF26_A3_d101_cwash,0,0,0,0,0,0.50808,0,0,0,0,0,0,0,0,0,0,99.16568,0.32624,0,0
GF26_A3_d149_cwash,0,0,0,0,0,0,0,0,98.86013,0,0,0,0,0,0,0,1.13987,0,0,0
GF26_A4_d101_cwash,0,0,0,0,0,0.17417,0,0,0,0,0,0,0,0,0,0,99.72921,0.09662,0,0
GF26_A4_d146_stool,0,0,0,0,0,4.62663,0,0,0,0,0,0,0,0,0,0,95.37337,0,0,0
GF26_A4_d147_stool,0,0,0,0,0,4.19587,0,0,0,0,0,0,0,0,0,0,95.80413,0,0,0
GF26_A4_d148_stool,0,0,0,0,0,0.7731,0,0,0,0,0,0,0,0,0,0,99.2269,0,0,0
GF26_A4_d65_cwash,0,0,0,0,0,0,0,0,0,0,0,0,0,0,0,0,0,100,0,0
GF26_A5_d101_cwash,0,0,0,0,0,0.22163,0,0,0,0,0,0,0,0,0,0,99.56823,0.21013,0,0
GF26_A7_d65_cwash,0,0,0,0,0,0,0,0,0,0,0,0,0,0,0,0,0,100,0,0
GF26_A9_d149_cwash,0,0,0,0,0,0,0,0,44.50616,0,0,0,0,0,0,0,54.15955,1.33428,0,0
GF26_Adam_d148_stool,0,0,0,0,0,6.80516,0,0,1.72608,0,0,0,0,0,0,0,90.92128,0,0,0.54748
GF26_Adam_d98_stool,0,0,0,0,0,36.39138,0,0,2.98327,0,0,0,0,0,0,0,58.43409,0.0569,0,2.13436
GF26_Bdam_d133_stool,0,0,0,0,0,24.9951,0,0,5.08578,0,0,0,0,0,0,0,67.64404,0,0,2.27508
GF26_Bdam_d85_stool,0,0,0,0,0,9.39585,0,0,3.76597,0,0,0,0,0,0,0,85.31254,0,0,1.52564
GF26_Bdam_d91_stool,0,0,0,0,0,16.39283,0,0,4.86243,0,0,0,0,0,0,0,75.9137,0,0,2.83105
GF26_Cdam_d98_stool,14.97965,0,0,5.40198,0,2.94427,0,28.86729,2.16953,0,0,0,0,0.84793,9.83427,5.03825,29.85195,0.02174,0.04314,0
GF27_A1_d33_cwash,0.11902,0,0,0,0,0,0,5.63622,0,0,0,0,0,0.21588,3.15951,0,88.81545,2.05392,0,0
GF27_A2_d33_cwash,0,0,0,0,0,0,0,3.61181,0,0,0,0,0,0.09547,5.34267,7.5553,74.93084,8.46391,0,0
GF27_A3_d33_cwash,0,0,0,0,0,0,0,8.76833,0,0,0,0,0,0.98583,2.69095,0,84.82187,2.73302,0,0
GF27_A6_d33_cwash,0,0,0,0,0,0,0,5.72157,0,0,0,0,0,0.21406,1.93248,0.3168,87.89575,3.91934,0,0
GF27_A7_d33_cwash,0,0,0,0,0,0,0,4.25563,0,0,0,0,0,0.03793,3.08694,0,88.83009,3.7894,0,0
GF27_A8_d33_cwash,0,0,0,0,0,0.54539,0,5.52246,0,0,0,0,0,0.14527,1.05191,4.48541,80.35659,7.89298,0,0
GF27_GF27_Inoc,29.34148,0,0.03931,0,0,0,0.12803,0.99441,0,26.29843,3.021,0,0,0.95278,0.39551,0.06071,38.76834,0,0,0
Gn3_6B_dam_210806,0,0,0,0,0,100,0,0,0,0,0,0,0,0,0,0,0,0,0,0
Gn3_6B_dam_210818,0,0,0,0,0,100,0,0,0,0,0,0,0,0,0,0,0,0,0,0
Gn4_G_Innoc,0,0,0,0,0,6.5465,0,0,0,93.4535,0,0,0,0,0,0,0,0,0,0