feature	Klebsiella	Escherichia	Enterococcus	Clostridium	Erysipelatoclostridium	Clostridioides	Veillonella	Proteus	Citrobacter	Varibaculum	Finegoldia	Bifidobacterium	Morganella	Cutibacterium
GF11_B2_d73	-0.504626972911315	NA	NA	NA	NA	NA	NA	NA	-1.76044358230916	NA	NA	NA	NA	NA
GF11_B4_d72	NA	NA	NA	NA	NA	NA	NA	NA	-0.00273201991776069	NA	NA	-9.04594845038057	NA	NA
GF11_B4_d73	-2.34426496920157	NA	NA	NA	NA	NA	NA	NA	-0.316397497951871	NA	NA	NA	NA	NA
GF11_B5_d74_colon	0	NA	NA	NA	NA	NA	NA	NA	NA	NA	NA	NA	NA	NA
GF11_B7_d74_colon	-3.08132096487333	-3.09417498744306	-3.00260526078482	-1.99827700905291	-2.00024037296936	-3.03574746740013	-8.67241408899631	-7.62058692982208	-6.60888016729289	NA	NA	NA	NA	NA
GF11_C1_d74_colon	-3.65794414006522	-2.31188231998352	-1.28098272549093	-4.57370733109647	-2.2044152288996	-4.74287928240715	NA	NA	-6.43563861216124	NA	NA	NA	NA	NA
GF11_C2_d72	NA	NA	-4.96100426795533	NA	NA	NA	NA	NA	-0.0510614668386355	NA	NA	-8.55007969318001	NA	NA
GF11_C2_d74_colon	-4.57894575346236	-4.36701117544045	-0.256340274233089	-8.09228603364713	-4.12188835124204	-6.80592909001642	NA	NA	-8.67276701261258	NA	NA	NA	NA	NA
GF11_C3_d74_colon	NA	-2.60446698217148	-2.2406199749815	-2.89598346272506	NA	-1.6320400424923	NA	NA	-5.02764451378398	NA	NA	NA	-2.87469501353144	NA
GF11_C4_d74_colon	NA	-1.07289726579965	NA	-2.37985655319305	NA	-1.68393027641196	NA	NA	NA	NA	NA	NA	-5.55473096413832	NA
GF11_C5_d72	NA	NA	-2.20046038873525	NA	NA	NA	NA	NA	-0.369858114712629	NA	NA	-6.86595048494137	NA	NA
GF11_C5_d74_colon	-2.7376370845041	-2.04290200843962	-4.75122036365503	-2.87956418136794	-1.39806126418557	-5.05911491925459	-5.75140298844515	-8.49329651319934	-9.10303535886856	NA	NA	NA	NA	NA
GF11_C6_d72	-9.1729290765691	NA	-5.46514806591451	NA	NA	-7.39913972997369	NA	NA	-0.0722734115090334	NA	NA	-5.75105344591755	NA	NA
GF11_C6_d74_colon	-8.27496480023265	-2.62829068188319	-3.93600220217508	-1.11680761089024	NA	-1.88687975137553	NA	NA	-5.76108780498872	NA	NA	NA	-5.66144103338641	NA
GF11_C7_d72_colon	NA	NA	NA	NA	NA	NA	NA	NA	-0.0356862499303079	NA	NA	-5.35506060295903	NA	NA
GF20_d127_a2	-1.56399427449318	-0.59556201494629	NA	NA	NA	NA	NA	NA	NA	NA	NA	NA	NA	NA
GF20_d127_a3	NA	0	NA	NA	NA	NA	NA	NA	NA	NA	NA	NA	NA	NA
GF20_d127_a6	0	NA	NA	NA	NA	NA	NA	NA	NA	NA	NA	NA	NA	NA
GF20_d127_a7	-0.60644123952517	-1.54294117789708	NA	NA	NA	NA	NA	NA	NA	NA	NA	NA	NA	NA
GF20_d127_a9	-2.69827095865374	-0.241402769922729	NA	NA	NA	NA	NA	NA	NA	NA	NA	NA	NA	NA
GF20_d140_c8	0	NA	NA	NA	NA	NA	NA	NA	NA	NA	NA	NA	NA	NA
GF20_d164_b1	-3.03492174790048	-0.215174407129177	-5.91725178177174	NA	NA	NA	NA	NA	NA	NA	NA	NA	NA	NA
GF20_d164_b2	-2.72740343121422	-1.74829132815806	NA	NA	NA	NA	NA	NA	-0.858963841227176	NA	NA	NA	NA	NA
GF20_d164_b3	-2.82911300970384	-0.766112921251254	NA	NA	NA	NA	NA	NA	-2.05766251364566	NA	NA	NA	-5.00802287606781	NA
GF20_d164_b4	-2.03907970770903	-0.949783909562631	NA	NA	NA	NA	NA	NA	-2.06509193863827	NA	NA	NA	NA	NA
GF20_d164_b5	-3.5451671456834	-0.940734997488823	NA	NA	NA	NA	NA	NA	-1.59085697071995	NA	NA	NA	-4.02574912148675	NA
GF20_d164_b6	-3.76125994562727	-0.206542236258203	NA	NA	NA	NA	NA	NA	-4.34830638984895	NA	NA	NA	-6.56709174519	NA
GF20_d164_b7	-2.31931197679779	-1.61307651115334	NA	NA	NA	NA	NA	NA	-1.08089183536096	NA	NA	NA	NA	NA
GF20_d164_b8	-4.53220385070481	-0.342787150627297	NA	NA	NA	NA	NA	NA	-2.90219721635989	NA	NA	NA	-4.85738110299899	NA
GF20_d170_c1	-4.05772557909114	-1.57270149194555	NA	NA	NA	NA	NA	NA	-0.727921613228119	NA	NA	NA	NA	NA
GF20_d170_c2	-4.42527338682511	-6.18144782321911	NA	NA	NA	NA	NA	NA	-0.0897616225518826	NA	NA	NA	NA	NA
GF20_d170_c5	-1.43333640388937	NA	NA	NA	NA	NA	NA	NA	-0.794867020285153	NA	NA	NA	-4.22890615653408	NA
GF20_d170_c6	-0.494936723716527	NA	NA	NA	NA	NA	NA	NA	-3.75080662917348	NA	NA	NA	-2.21007347904162	NA
GF20_d170_c7	NA	-7.34400198874323	NA	NA	NA	NA	NA	NA	-0.0205176502103905	NA	NA	NA	-6.97192880495999	NA
GF20_d170_c8	-0.943112150567167	NA	NA	NA	NA	NA	NA	NA	-1.05922344266536	NA	NA	NA	NA	NA
GF20_d170_c9	-7.93400093988536	NA	NA	NA	NA	NA	NA	NA	-0.00591141873670259	NA	NA	NA	NA	NA
GF20_d34_a2	NA	-0.412237926497147	NA	NA	NA	NA	NA	NA	NA	NA	NA	NA	-2.00843146237924	NA
GF20_d34_a4	NA	-4.41501917717	-5.80242256595173	-7.72324289397045	NA	-7.38667670707222	NA	NA	-0.695139159937293	NA	NA	-6.47800226481676	-1.75813507214248	NA
GF20_d34_b3	NA	-4.1491103462609	-6.64469319565362	NA	NA	-9.68922806627602	NA	NA	-0.115699517784265	NA	NA	-6.71832762221698	NA	NA
GF20_d35_a2	NA	-0.00590547941272076	NA	NA	NA	NA	NA	NA	NA	NA	NA	-8.48190403084798	-9.60065169120956	NA
GF20_d35_a3	NA	-0.538049904088886	NA	NA	NA	NA	NA	NA	-4.0111273161859	NA	NA	NA	-2.01833085458031	NA
GF20_d36_a2	-7.40920772550114	-0.919447114907894	NA	NA	NA	NA	NA	NA	NA	NA	NA	NA	-1.10344045474965	NA
GF20_d36_a3	-3.69506847678783	NA	NA	NA	NA	NA	NA	NA	NA	NA	NA	NA	-0.115925724837618	NA
GF20_d36_a4	NA	-3.54341166423292	NA	NA	NA	NA	NA	NA	NA	NA	NA	NA	-0.129368251180693	NA
GF20_d36_a5	-1.99085179433814	-5.72572951111658	NA	NA	NA	NA	NA	NA	NA	NA	NA	NA	-0.454994209773195	NA
GF20_d36_b5	NA	-1.14572118935531	NA	NA	NA	NA	NA	NA	NA	NA	NA	NA	-0.867656639483405	NA
GF20_d89_b2	-3.90422825138402	-1.56332756542504	-3.41357616424625	-1.14364291573377	NA	-5.85361782016154	NA	NA	NA	NA	NA	NA	-5.00756321047219	NA
GF20_d89_b6	-0.0199319863807017	NA	NA	-6.18749158855663	NA	NA	NA	NA	NA	NA	NA	NA	NA	NA
GF4_B1_D36	NA	-3.01148791986293	-0.204412070531247	-8.89415889068832	NA	NA	NA	NA	NA	NA	NA	-7.38147114282604	NA	NA
GF4_B3_d36	NA	-2.168668816844	-0.473246872007441	-7.96632539676728	NA	-6.66895982601272	NA	NA	NA	NA	NA	-4.52560943837713	NA	NA
GF4_B3_d37	NA	NA	0	NA	NA	NA	NA	NA	NA	NA	NA	NA	NA	NA
GF4_B4_d38	NA	NA	0	NA	NA	NA	NA	NA	NA	NA	NA	NA	NA	NA
GF4_C1_d36	NA	-0.0539682397638611	-4.76741193231444	NA	NA	NA	NA	NA	NA	NA	NA	NA	NA	NA
GF4_C1_D37	NA	-1.69821337469973	-2.66844794543107	-2.8033738208099	NA	-2.59387960001613	NA	NA	-2.14787264486546	NA	NA	NA	NA	NA
GF4_C1_d39	-6.28464990531524	-3.80874663967096	-2.82619712112873	-1.29397044965403	NA	-3.60050818491383	NA	NA	-1.81867859612502	NA	NA	-9.87927223808781	NA	NA
GF4_C2_D36	-2.94988185996374	-3.19321882823117	-0.922657854393181	-4.0651394883335	NA	NA	NA	NA	-2.52306701617988	NA	NA	NA	NA	NA
GF4_C2_d37	-1.79399485916175	-3.24758693331428	-3.25997483936123	-2.47499823150747	NA	-2.6185995216752	NA	NA	-2.72784763636146	NA	NA	NA	-6.91126555918404	NA
GF4_C2_d38	-3.29930887531279	-2.54662128439575	-3.9971658700758	-1.14214986822242	NA	-2.89611111484416	NA	NA	-3.73050143498925	NA	NA	NA	-9.04930764022437	NA
GF4_C2_d39	-2.67935404953298	-3.75248755647078	-3.39562650133348	-0.904304269508309	NA	-3.94517541187095	NA	NA	-3.83094934428835	NA	NA	NA	-7.58991076481194	NA
GF4_C3_d36	NA	-0.502157945472322	-3.62945983056785	-2.44525674524181	NA	-5.27883001020698	NA	NA	NA	NA	NA	-8.04881090361698	NA	NA
GF4_C3_d38	-3.12703178981675	-3.21726550001395	-4.37178834148506	-0.691234583641964	NA	-3.4215649048954	NA	NA	NA	NA	NA	NA	-5.87327251416303	NA
GF4_C4_d36	-8.60997864571802	-3.63754918833514	-0.162528828654913	NA	NA	-9.30166557732329	NA	NA	NA	NA	-10.4421219707016	-5.551033098589	NA	NA
GF4_C4_d37	-2.18184249173452	-4.24749116418822	-1.30704974123799	-3.30041851892277	NA	-2.74490104160316	NA	NA	-3.79320476347347	NA	NA	NA	NA	NA
GF4_C4_D39	-5.17239816813344	-5.07067558698535	-0.544222867108005	-2.92288172094909	NA	-4.69913265162913	NA	NA	-3.62389813520351	NA	NA	-7.5656016078202	NA	NA
GF5_A1_D47	-1.99710035805491	-2.07349177194267	-4.9446023324901	-2.07621658375921	NA	-3.36864809826891	-5.53420826731412	NA	-4.71749628680448	NA	-4.25123391655512	-6.70679824921291	-5.39180405901271	NA
GF5_A1_D48	0	NA	NA	NA	NA	NA	NA	NA	NA	NA	NA	NA	NA	NA
GF5_A1_D80	NA	-0.00823658511088653	-8.50017558053599	NA	NA	NA	NA	NA	NA	NA	NA	-8.41434223980449	NA	NA
GF5_A1_D81	NA	-0.0828058171320704	-5.75511488882045	NA	NA	NA	NA	NA	-4.88292844266726	NA	NA	-8.21162365641394	NA	NA
GF5_A1_D83	NA	NA	-0.0469553267058335	NA	NA	-4.96474772007224	NA	NA	NA	NA	NA	NA	NA	NA
GF5_A2_COLON_190628	NA	NA	NA	NA	NA	0	NA	NA	NA	NA	NA	NA	NA	NA
GF5_A2_D48	NA	-4.14936377423231	-5.38705082311995	-2.49987020571645	NA	-5.08606871749569	NA	NA	-6.01923119945481	NA	-8.91719932708904	-0.522776532275573	NA	NA
GF5_A3_COLON_190628	NA	-3.7119801377783	-0.62616102359563	-2.44924179351744	NA	-5.348756070653	NA	NA	-3.87524188811551	NA	NA	NA	NA	NA
GF5_A6_D81	NA	-0.224096865906455	-2.94732925687296	NA	NA	NA	NA	NA	NA	NA	NA	-6.13580283889415	NA	NA
GF5_A6_D82	-2.65137777710727	-3.06285330451667	-4.59800437355945	-0.906244322836248	NA	-6.44382900522789	-8.31653673100143	NA	NA	NA	NA	-2.94998567971428	-8.78716524212877	NA
GF5_A7_D80	NA	-2.16444193985409	-1.84749153244669	-1.75104844548371	NA	-5.01768342136586	NA	NA	NA	NA	NA	-2.54707653047328	NA	NA
GF5_A7_D81	NA	-6.46812082849053	-3.13363732321111	-0.486434064419588	NA	NA	NA	NA	-4.62295934361104	NA	NA	-3.05418257446607	NA	NA
GF5_A7_D82	NA	NA	NA	-1.32199482107606	NA	NA	NA	NA	NA	NA	NA	-0.736921111754879	NA	NA
GF5_A7_D83	NA	NA	NA	-0.214280226604882	NA	-2.8570099914635	NA	NA	NA	NA	NA	NA	NA	NA
GF5_A8_D83	NA	NA	-6.44443211483392	-0.244996547229693	NA	-2.78886531133841	NA	NA	NA	NA	NA	NA	NA	NA
GF5_B1_D80	NA	-0.983086551486614	-5.97699069216761	-7.2973248720162	NA	-11.0507607652309	NA	NA	-1.08498045915626	NA	NA	NA	NA	NA
GF5_B1_D82	NA	-1.20048871503599	-3.49508000750135	-3.2251050723554	NA	-4.35883888516449	-6.34634794098129	NA	-2.10873402343205	NA	NA	-3.71098822020041	NA	NA
GF5_B3_D81	-4.9621684122383	-4.667155148196	-4.80290947646941	-0.383347814979726	NA	-3.05303010058086	NA	NA	NA	NA	NA	NA	-7.48272940411241	NA
GF5_B3_D82	NA	-1.14518328329038	-2.54299274177868	-3.19094438056525	NA	-2.28243436749848	NA	NA	-4.02969511877361	NA	NA	NA	NA	NA
GF5_B3_D83	NA	-0.677608845518637	-3.15592499940178	-3.17651032939732	NA	-3.24588775920208	NA	NA	-4.56936459855325	NA	NA	NA	-7.80615524311036	NA
GF5_B7_D80	NA	-3.16601698899288	-3.18348057056807	-0.583286702069841	NA	-4.11540989322225	NA	NA	NA	NA	NA	-12.6177785438805	-4.23189039023082	NA
GF5_B7_D82	NA	-3.20881706105423	-5.89131310072408	-0.345089382930841	NA	-3.67652339739229	NA	NA	NA	NA	NA	NA	-6.71353516526841	NA
GF5_C1_COLON_190628	NA	-2.68542643489956	-7.26490072863382	-0.73780115651353	NA	-2.16809876812397	NA	NA	NA	NA	NA	-6.69162700821783	-7.33074967944835	NA
GF5_C1_D47	-1.77394220774441	-1.42105032548304	-5.67078117389633	-2.85334254841645	NA	-4.87878812894083	-4.94859712534458	NA	NA	NA	-4.27094293987817	NA	-4.1426513175247	NA
GF5_C1_D48	-4.12904210698856	-1.52945917840141	-5.49943777031926	-2.22278710050138	NA	-2.41549692652456	-4.47646614540703	NA	NA	NA	-10.1352044311845	-3.30415153237841	-5.28673776256821	NA
GF5_C3_COLON_190628	-3.09227865128186	-3.28753487135378	NA	-0.652631189608787	NA	-2.79372387233899	NA	NA	NA	NA	NA	NA	NA	NA
GF5_C4_COLON_190628	-2.62036232684367	-2.67631603136574	-3.83514179752278	-1.4114269641887	NA	-2.71405492321002	NA	NA	-3.599005870618	NA	NA	NA	NA	NA
GF5_C4_D47	-1.55299048292156	NA	-4.02880485011098	NA	NA	NA	NA	NA	-0.741945224386972	NA	NA	NA	NA	NA
GF5_C5_COLON_190628	NA	-2.08657232409397	-2.83453847726514	-1.20253074601053	NA	-2.78640361628248	NA	NA	-4.47679698093583	NA	NA	NA	NA	NA
GF5_C5_D47	-3.89177344659471	NA	-6.18370078212515	NA	NA	NA	NA	NA	-0.159894699610374	NA	NA	-5.393876953111	NA	NA
GF6_A1_COLON_D54	-2.4179783504191	NA	-9.37286102057253	-0.560795967674229	NA	-3.44428134987262	NA	NA	NA	NA	-4.58808107999823	NA	NA	NA
GF6_A1_COLON_D88	-0.511055434193926	-4.75074254007895	-6.013590521097	-2.76174434559136	NA	-3.89094492975955	NA	NA	-5.02019062647744	NA	NA	NA	NA	NA
GF6_A1_D53	-0.51333648897916	-4.33999363032512	-5.52101121913964	-2.70578592420688	NA	-5.40299847132211	NA	NA	-4.72620675757801	NA	NA	-6.32262075475866	-9.88362672557666	NA
GF6_A2_COLON_D54	-3.21823978697352	-3.09876877585491	NA	-1.24785772475898	NA	-1.8385343233088	NA	NA	-3.77501536612151	NA	NA	-8.90014304518613	NA	NA
GF6_A3_COLON_D88	-0.39365693771001	-2.49022335685934	NA	-6.48681233535963	NA	-4.48353602972462	-7.6518998123841	NA	NA	NA	NA	NA	NA	NA
GF6_A3_D52	-0.448342294822246	NA	-2.7438616375581	-4.08260323721929	NA	-4.67302447340068	NA	NA	-6.43752539763416	NA	NA	-6.95287583889153	NA	NA
GF6_A3_D53	-0.7217274310024	-5.48777661073008	-4.85163786800195	-2.08959567455898	NA	-4.66122564228944	NA	NA	-5.96258670661345	NA	-5.37751324861244	-5.4964972412987	NA	NA
GF6_A4_COLON_D54	NA	-1.1715822389619	NA	-1.24785806738252	NA	-2.9600631847897	NA	NA	NA	NA	-7.26883344511755	NA	NA	NA
GF6_A4_D53	-1.73541922879864	-1.13932431483841	-3.66993073560888	-3.117153689206	NA	-5.30811555593057	NA	NA	NA	NA	-9.25896629305281	-5.32102222250104	NA	NA
GF6_A5_D90	-1.56634954703048	-5.49345248866205	-4.33773396768222	-3.35359546971376	NA	-4.31016340706355	NA	NA	-3.10929028022712	NA	NA	-1.61455040807283	NA	NA
GF6_A5_D91	-2.11423775373948	-4.35918822678751	-3.06016155729096	-1.80589493246977	NA	-3.71676581549221	NA	NA	-2.6223401843739	-10.3499914980572	NA	-3.73348247203736	NA	NA
GF6_A6_COLON_D54	-3.92124138738363	-4.30850999964899	-9.85208364122785	-0.43557349244379	NA	-3.38655872769437	NA	NA	-4.53277464040832	NA	NA	-7.88727677347145	NA	NA
GF6_A6_D53	-1.23286443644663	-5.52014350346591	-3.0435565533713	-4.25560863635638	NA	-3.87217326121866	NA	NA	-1.76396211388028	NA	NA	-6.77499547197362	-7.10921668370241	NA
GF6_A6_D88	-0.153311890732106	NA	-3.31020204399209	NA	NA	NA	NA	NA	NA	NA	NA	NA	NA	NA
GF6_A6_D91	-4.66209879035466	-3.09858244973779	-2.83859498216623	-1.11637947225331	NA	-2.99283923996504	NA	NA	-3.56674681517907	-12.310249556849	NA	-6.29874401417808	-5.65847263413688	NA
GF6_A8_COLON_D54	NA	-3.86838839144471	NA	-0.488768600334437	NA	-2.19167525340337	NA	NA	NA	NA	NA	NA	NA	NA
GF6_A8_D52	-2.19693038713114	-0.503467498744071	-3.70859447252648	NA	NA	NA	NA	NA	NA	NA	NA	NA	NA	NA
GF6_A8_D53	-2.08840872966084	-3.89247173974525	-4.28860588729077	-1.34613284996659	NA	-2.8000049672435	NA	NA	NA	NA	NA	-4.7717327013367	-3.77958881067391	NA
GF6_A8_D89	-3.5163336541729	-2.82282477379922	-4.66758802565665	-1.15007388181667	NA	-3.88276470973858	NA	NA	-2.62975103463866	NA	NA	-7.60913351036591	-4.41614605902579	NA
GF6_A8_D91	-7.59350077178156	-3.68799290120175	NA	-0.768232148655968	NA	-2.65237606624929	-5.24279920195199	NA	-8.26547774451769	NA	NA	-2.92497073986183	-6.68684796998286	NA
GF6_B1_D64	-3.74010624704484	NA	-5.67435002647244	-7.31481284043083	NA	-9.54635311796112	NA	NA	-0.187139082023986	NA	-11.0911051911851	-5.70584131376836	NA	NA
GF6_B1_D89	-4.25864896643379	-7.81006757307656	-2.83484429525405	-2.44241144693801	NA	-4.99150292886289	NA	NA	-7.51683063278211	NA	NA	-0.780238215314957	NA	NA
GF6_B1_D91	-4.35717623153983	-7.077927766312	-2.51648801291977	-1.1905731871266	NA	-3.30166429901933	NA	NA	-7.0633441911236	NA	NA	-2.17125744035122	NA	NA
GF6_B10_D64	NA	NA	-4.47327411024799	-5.51591921674368	NA	-7.96787771057221	NA	NA	-0.120862328318249	NA	-10.3363110878751	-6.84155542108263	NA	NA
GF6_B2_D66	-6.36273364905473	-2.95007375398647	-5.7437216598846	-2.71911303218977	NA	-4.459363236513	NA	NA	-0.638320787293226	NA	NA	NA	NA	NA
GF6_B2_D89	NA	NA	-1.69842218599693	NA	NA	NA	NA	NA	NA	NA	NA	-0.531412304088041	NA	NA
GF6_B3_D66	-7.48870280698342	-6.43351720328887	-4.82225208916881	-0.574697971531607	NA	-3.17562479252593	NA	NA	-2.77437955580932	NA	-5.94280401114484	-8.38149519876903	NA	NA
GF6_B3_D89	NA	NA	NA	NA	NA	NA	NA	NA	0	NA	NA	NA	NA	NA
GF6_B3_D91	NA	NA	-3.07999885129113	-0.533489396480089	NA	-3.93361510028634	NA	NA	NA	NA	NA	-2.99518482650587	NA	NA
GF6_B4_D64	-8.62470940166759	NA	-4.6833444796557	-5.7148302883286	NA	-8.09907408498806	NA	NA	-0.129124622233362	NA	NA	-5.54129211377288	NA	NA
GF6_B4_D89	NA	NA	-0.757976822328044	NA	NA	NA	NA	NA	NA	NA	NA	-1.29097410325177	NA	NA
GF6_B5_D90	NA	NA	-1.51871759373391	NA	NA	NA	NA	NA	NA	NA	NA	-0.831658856775139	NA	-3.48808753135179
GF6_B5_D91	NA	NA	-1.63530655447712	NA	NA	NA	NA	NA	NA	NA	NA	-0.560434305453522	NA	NA
GF6_B6_D64	-8.68994300579097	NA	-4.04846725347516	-6.10066733434493	NA	-7.57894589773186	NA	NA	-0.148246865957861	NA	-9.56459087786832	-6.22208636203585	NA	-11.8084819626126
GF6_B6_D66	-5.27272657052762	-5.51432902763397	-7.29021658185784	-0.386152730273967	NA	-2.89355611914211	NA	NA	-4.43826647358153	NA	NA	NA	NA	NA
GF6_B6_D90	NA	NA	-1.18193839350702	NA	NA	NA	NA	NA	NA	NA	NA	-0.838457703080901	NA	NA
GF6_B6_D91	NA	NA	-0.283905500602687	NA	NA	NA	NA	NA	NA	NA	NA	-2.4849092810318	NA	NA
GF6_B7_D66	NA	NA	-5.93713557427071	-0.469289778077653	NA	-4.76664593394654	NA	NA	-2.15442500567233	NA	NA	NA	NA	NA
GF6_B7_D90	NA	NA	-1.43839891375035	NA	NA	NA	NA	NA	NA	NA	-8.01957759989406	-0.679776821349624	NA	-8.42575715967408
GF6_B7_D91	NA	NA	NA	NA	NA	NA	NA	NA	NA	NA	NA	0	NA	NA
GF6_B8_D66	-3.61315271820373	-5.55368687212848	-3.89462429282304	-0.659581607043981	NA	-2.74131451059465	NA	NA	-4.54500533377751	NA	NA	NA	-7.85936881384899	NA
GF6_B8_D91	-3.12437355752337	NA	-1.65227190640545	-1.18970874217924	NA	-3.03093418349851	NA	NA	NA	NA	NA	-7.27731309836208	NA	NA
GF6_B9_D66	-5.07898541825414	-4.4665538661752	NA	-0.593518186990204	NA	-1.93631428188149	NA	NA	NA	NA	NA	NA	-9.73152823697379	NA
Gn3_B13_Cwash	-1.17783896729561	-0.841696842952767	NA	NA	NA	NA	NA	NA	NA	NA	NA	NA	NA	NA
Gn3_B14_Cwash	-4.75771579090773	-0.054339114336833	NA	NA	NA	NA	NA	NA	NA	NA	NA	NA	NA	NA
Gn3_B15_Cwash	-1.75171097729003	-0.508299568118695	NA	NA	NA	NA	NA	NA	NA	NA	NA	NA	NA	NA
Gn3_B16_Cwash	-3.49041562608088	-0.134441409424726	NA	NA	NA	NA	NA	NA	NA	NA	NA	NA	NA	NA
Gn3_BP7_Cwash	NA	-0.113901128804594	NA	-3.71948831848397	NA	NA	NA	NA	NA	NA	NA	NA	NA	NA
Gn3_BP8_Cwash	-3.83928009966598	-0.282715637515684	NA	-3.20966166976279	NA	NA	NA	NA	NA	NA	NA	NA	NA	NA
