"","Sample","Patient_ID","Microbiota","DNA_concentration","Experiment","Plate","Well_nextera","Adapter_plate","AdapterN","AdapterS","Tissue","Mouse","Sex","Survived","DEAD_DOL","Collection","Date.of.Extraction","Antibiotic","DOL","Antibiotic_day","Abx_relative","Abx_relativeinfxn","Infection","DPI","Adult","Notes","Total_Preprocessed_Reads","Total_Postprocessed_Reads","retainedreads","Resequence_DNA_concentration","Reseq_total_preprocessed_reads","Reseq_total_postprocessed_reads","Reseq_retainedreads","original_preprocessed_reads","original_postprocessed_reads","Resequence_Nextera","Resequence_nextera_plate","AdapterN2","AdapterS3"
"64","GF26_A1_d101_cwash","308.01 (5/19/12)","D","0.26","GF26","","G05","UDI Plate 05","AM-F0486","AM-R0486","colon","A1",NA,"yes","","12/4/21","4/7/23","meropenem/probenecid","10","0","after1xmeropro","after1xmeropro",NA,NA,"no","Missing from Sack Tracker, present in birth tracker and colony counter",4712859,1512364,"32.09016013","",NA,NA,NA,NA,NA,"",NA,"",""
"65","GF26_A2_d101_cwash","308.01 (5/19/12)","D","0.22","GF26","","G06","UDI Plate 05","AM-F0487","AM-R0487","colon","A2",NA,"yes","","12/4/21","4/7/23","meropenem/probenecid","10","0","after1xmeropro","after1xmeropro",NA,NA,"no","Missing from Sack Tracker, present in birth tracker and colony counter",6880455,1287390,"18.71082654","",NA,NA,NA,NA,NA,"",NA,"",""
"87","GF26_A3_d101_cwash","308.01 (5/19/12)","D","0.25","GF26","","G07","UDI Plate 05","AM-F0488","AM-R0488","colon","A3",NA,"yes","","12/4/21","4/7/23","PBS","10","0","after1xPBS","after1xPBS",NA,NA,"no","Missing from Sack Tracker, present in birth tracker and colony counter",5783906,2437137,"42.13652504","",NA,NA,NA,NA,NA,"",NA,"",""
"88","GF26_A4_d101_cwash","308.01 (5/19/12)","D","0.26","GF26","","G08","UDI Plate 05","AM-F0489","AM-R0489","colon","A4",NA,"yes","","12/4/21","4/7/23","PBS","10","0","after1xPBS","after1xPBS",NA,NA,"no","Missing from Sack Tracker, present in birth tracker and colony counter",6423186,3125095,"48.65334742","",NA,NA,NA,NA,NA,"",NA,"",""
"89","GF26_A5_d101_cwash","308.01 (5/19/12)","D","0.37","GF26","","G09","UDI Plate 05","AM-F0490","AM-R0490","colon","A5",NA,"yes","","12/4/21","4/7/23","PBS","10","0","after1xPBS","after1xPBS",NA,NA,"no","Missing from Sack Tracker, present in birth tracker and colony counter",6967219,3056684,"43.87236859","",NA,NA,NA,NA,NA,"",NA,"",""
"174","GF26_A2_d149_cwash","308.01 (5/19/12)","D","0.68","GF26","","H03","UDI Plate 05","AM-F0496","AM-R0496","colon","A2","M","no",NA,"","4/7/23","ampicillin/probenecid","13","3","afteramp","afteramp",NA,NA,"no","",7860122,122556,"1.55921244","",NA,NA,NA,NA,NA,"",NA,"",""
"175","GF26_A3_d149_cwash","308.01 (5/19/12)","D","1.85","GF26","","H04","UDI Plate 05","AM-F0497","AM-R0497","colon","A3","F","no",NA,"","4/7/23","ampicillin/probenecid","13","3","afteramp","afteramp",NA,NA,"no","",5660593,286241,"5.056731689","",NA,NA,NA,NA,NA,"",NA,"",""
"176","GF26_A9_d149_cwash","308.01 (5/19/12)","D","0.72","GF26","","H05","UDI Plate 05","AM-F0498","AM-R0498","colon","A4","M","no",NA,"","4/7/23","ampicillin/probenecid","13","3","afteramp","afteramp",NA,NA,"no","Misread mouse number, actually A4, not A9 as in ID",5469356,252550,"4.617545466","",NA,NA,NA,NA,NA,"",NA,"",""
"906","GF13_B2_d35_colon","308.01 (5/19/12)","D","5.25","GF13","3","A8","7","AM-F0625","AM-R0609","colon","B_1_2","M","yes",NA,"35","","probenecid","13","3","afterpro","afterpro",NA,NA,"no","",1817538,238430,"13.11829519","",NA,NA,NA,NA,NA,"",NA,"",""
"907","GF13_B3_d35_colon","308.01 (5/19/12)","D","4.94","GF13","3","A9","7","AM-F0599","AM-R0610","colon","B_1_3","F","yes",NA,"35","","probenecid","13","3","afterpro","afterpro",NA,NA,"no","",1358611,104681,"7.705001652","",NA,NA,NA,NA,NA,"",NA,"",""
"908","GF13_B4_d35_colon","308.01 (5/19/12)","D","5.44","GF13","3","A10","7","AM-F0628","AM-R0611","colon","B_1_4","F","yes",NA,"35","","probenecid","13","3","afterpro","afterpro",NA,NA,"no","",5135071,544873,"10.61081726","",NA,NA,NA,NA,NA,"",NA,"",""
"909","GF13_B5_d35_colon","308.01 (5/19/12)","D","3.75","GF13","3","A11","7","AM-F0631","AM-R0612","colon","B_1_5","M","yes",NA,"35","","probenecid","13","3","afterpro","afterpro",NA,NA,"no","",1162648,87280,"7.507001259","",NA,NA,NA,NA,NA,"",NA,"",""
"1223","GF17_b2_d31_stool","308.01 (5/19/12)","D","7.69","GF17","tubes","C01","6","","AM-R0530","stool","B_1_2",NA,"no","10.33","31","","ampicillin/probenecid","10","0","beforeamp","beforeamp",NA,NA,"no","Isolator_contamination",1198626,802085,"66.91703667","",NA,NA,NA,NA,NA,"",NA,"",""
"1224","GF17_b3_d31_stool","308.01 (5/19/12)","D","7.4","GF17","tubes","A04","8","","AM-R0701","stool","B_1_3","F","no","10.66","31","","ampicillin/probenecid","10","0","beforeamp","beforeamp",NA,NA,"no","Isolator_contamination",2034415,436546,"21.45806043","",NA,NA,NA,NA,NA,"",NA,"",""
"1225","GF17_b6_d31_stool","308.01 (5/19/12)","D","11.9","GF17","tubes","D07","8","N820","AM-R0740","stool","B_1_6","F","yes",NA,"31","","ampicillin/probenecid","10","0","beforeamp","beforeamp",NA,NA,"no","Isolator_contamination",1616040,352616,"21.81975694","",NA,NA,NA,NA,NA,"",NA,"",""
"1240","GF26_A4_d146_stool","308.01 (5/19/12)","D","3.4","GF26","","G11","UDI Plate 05","AM-F0492","AM-R0492","stool","A4","M","no",NA,"","4/7/23","ampicillin/probenecid","10","0","beforeamp","beforeamp",NA,NA,"no","",2368287,1368550,"57.78649294","",NA,NA,NA,NA,NA,"",NA,"",""
"1416","GF13_A1_d32","308.01 (5/19/12)","D","9.65","GF13","2","G12","6","AM-F0590","AM-R0589","stool","A_1_1","M","yes",NA,"32","","meropenem/probenecid","10","0","beforemero","beforemero",NA,NA,"no","",882329,659507,"74.74615478","",NA,NA,NA,NA,NA,"",NA,"",""
"1417","GF13_A2_d32","308.01 (5/19/12)","D","2.2","GF13","2","H1","6","AM-F0615","AM-R0590","stool","A_1_2","F","yes",NA,"32","","meropenem/probenecid","10","0","beforemero","beforemero",NA,NA,"no","",293948,110676,"37.65155742","",NA,NA,NA,NA,NA,"",NA,"",""
"1418","GF13_A3_d32","308.01 (5/19/12)","D","22.3","GF13","2","H2","6","AM-F0616","AM-R0591","stool","A_1_3","M","yes",NA,"32","","meropenem/probenecid","10","0","beforemero","beforemero",NA,NA,"no","",910769,337597,"37.06724757","",NA,NA,NA,NA,NA,"",NA,"",""
"1419","GF13_A4_d32","308.01 (5/19/12)","D","8.24","GF13","2","H3","6","AM-F0617","AM-R0592","stool","A_1_4","M","yes",NA,"32","","meropenem/probenecid","10","0","beforemero","beforemero",NA,NA,"no","",968338,168466,"17.39743767","",NA,NA,NA,NA,NA,"",NA,"",""
"1420","GF13_A5_d32","308.01 (5/19/12)","D","16.8","GF13","2","H4","6","AM-F0608","AM-R0593","stool","A_1_5","F","yes",NA,"32","","meropenem/probenecid","10","0","beforemero","beforemero",NA,NA,"no","",1052246,270435,"25.70073918","",NA,NA,NA,NA,NA,"",NA,"",""
"1421","GF13_A6_d32","308.01 (5/19/12)","D","41.3","GF13","2","H5","6","AM-F0620","AM-R0594","stool","A_1_6","F","yes",NA,"32","","meropenem/probenecid","10","0","beforemero","beforemero",NA,NA,"no","",1105621,116044,"10.4958209","",NA,NA,NA,NA,NA,"",NA,"",""
"1710","GF13_B1_d32","308.01 (5/19/12)","D","10","GF13","2","H6","6","AM-F0597","AM-R0595","stool","B_1_1","F","no","11","32","","probenecid","10","0","beforepro","beforepro",NA,NA,"no","",1177879,928840,"78.85699635","",NA,NA,NA,NA,NA,"",NA,"",""
"1711","GF13_B2_d32","308.01 (5/19/12)","D","14.1","GF13","2","H7","6","AM-F0610","AM-R0596","stool","B_1_2","M","yes",NA,"32","","probenecid","10","0","beforepro","beforepro",NA,NA,"no","",1417925,295331,"20.8283936","",NA,NA,NA,NA,NA,"",NA,"",""
"1712","GF13_B3_d32","308.01 (5/19/12)","D","9.07","GF13","2","H8","6","AM-F0611","AM-R0597","stool","B_1_3","F","yes",NA,"32","","probenecid","10","0","beforepro","beforepro",NA,NA,"no","",1387155,596401,"42.99454639","",NA,NA,NA,NA,NA,"",NA,"",""
"1713","GF13_B4_d32","308.01 (5/19/12)","D","26","GF13","2","H9","6","AM-F0627","AM-R0598","stool","B_1_4","F","yes",NA,"32","","probenecid","10","0","beforepro","beforepro",NA,NA,"no","",1449255,1262680,"87.12614412","",NA,NA,NA,NA,NA,"",NA,"",""
"1714","GF13_B5_d32","308.01 (5/19/12)","D","17.9","GF13","2","H10","6","AM-F0630","AM-R0599","stool","B_1_5","M","yes",NA,"32","","probenecid","10","0","beforepro","beforepro",NA,NA,"no","",1563623,82173,"5.255294914","",NA,NA,NA,NA,NA,"",NA,"",""
"1718","GF17_a1_d31_stool","308.01 (5/19/12)","D","12.7","GF17","tubes","C12","7","AM-F0632","AM-R0637","stool","A_1_1","F","yes",NA,"31","","probenecid","10","0","beforepro","beforepro",NA,NA,"no","Isolator_contamination",1612641,1206862,"74.8376111","",NA,NA,NA,NA,NA,"",NA,"",""
"1719","GF17_a2_d31_stool","308.01 (5/19/12)","D","8.13","GF17","tubes","C02","7","AM-F0645","AM-R0627","stool","A_1_2","M","no  ","10.66","31","","probenecid","10","0","beforepro","beforepro",NA,NA,"no","Isolator_contamination",1351705,683505,"50.56613684","",NA,NA,NA,NA,NA,"",NA,"",""
"1720","GF17_a3_d31_stool","308.01 (5/19/12)","D","6.35","GF17","tubes","B11","6","AM-F0530","AM-R0528","stool","A_1_3","F","no","10.66","31","","probenecid","10","0","beforepro","beforepro",NA,NA,"no","Isolator_contamination",1428806,733263,"51.31998326","",NA,NA,NA,NA,NA,"",NA,"",""
"1721","GF17_a4_d31_stool","308.01 (5/19/12)","D","6.49","GF17","tubes","B06","6","AM-F0701","AM-R0523","stool","A_1_4","F","no","11.33","31","","probenecid","10","0","beforepro","beforepro",NA,NA,"no","Isolator_contamination",4580241,3238130,"70.69780826","",NA,NA,NA,NA,NA,"",NA,"",""
"1722","GF17_a5_d31_stool","308.01 (5/19/12)","D","4.06","GF17","tubes","D11","7","AM-F0740","AM-R0648","stool","A_1_5","M","yes",NA,"31","","probenecid","10","0","beforepro","beforepro",NA,NA,"no","Isolator_contamination",1395702,456247,"32.68942797","",NA,NA,NA,NA,NA,"",NA,"",""
"1723","GF17_a6_d31_stool","308.01 (5/19/12)","D","1.66","GF17","tubes","C07","7","AM-F0450","AM-R0632","stool","A_1_6","M","no","10.66","31","","probenecid","10","0","beforepro","beforepro",NA,NA,"no","Isolator_contamination",1732511,1057418,"61.03384048","",NA,NA,NA,NA,NA,"",NA,"",""
"1724","GF17_a7_d31_stool","308.01 (5/19/12)","D","3.45","GF17","tubes","D08","7","","AM-R0645","stool","A_1_7",NA,"yes",NA,"31","","probenecid","10","0","beforepro","beforepro",NA,NA,"no","Isolator_contamination",1824270,431016,"23.62676577","",NA,NA,NA,NA,NA,"",NA,"",""
"1951","GF26_A4_d147_stool","308.01 (5/19/12)","D","4.4","GF26","","G12","UDI Plate 05","AM-F0493","AM-R0493","stool","A4","M","no",NA,"","4/7/23","ampicillin/probenecid","11","1","duringamp","duringamp",NA,NA,"no","",849911,582540,"68.54129432","",NA,NA,NA,NA,NA,"",NA,"",""
"1952","GF26_A4_d148_stool","308.01 (5/19/12)","D","8.72","GF26","","H02","UDI Plate 05","AM-F0495","AM-R0495","stool","A4","M","no",NA,"","4/7/23","ampicillin/probenecid","12","2","duringamp","duringamp",NA,NA,"no","",2832001,1452463,"51.2875172","",NA,NA,NA,NA,NA,"",NA,"",""
"2020","GF13_A1_d34","308.01 (5/19/12)","D","35.5","GF13","2","H11","6","AM-F0604","AM-R0600","stool","A_1_1","M","yes",NA,"34","","meropenem/probenecid","12","2","duringmero","duringmero",NA,NA,"no","",825805,67399,"8.161612003","",NA,NA,NA,NA,NA,"",NA,"",""
"2237","GF13_B3_d34","308.01 (5/19/12)","D","1.53","GF13","3","A1","7","AM-F0626","AM-R0602","stool","B_1_3","F","yes",NA,"34","","probenecid","12","2","duringpro","duringpro",NA,NA,"no","",1358771,873503,"64.28625574","",NA,NA,NA,NA,NA,"",NA,"",""
"2523","GF26_A1_d31_Cwash","","D","1.62","GF26","","C08","UDI Plate 06","AM-F0537","AM-R0537","colon","A1","F",NA,NA,"31",NA,NA,"10",NA,NA,NA,NA,NA,"no","",6420503,341480,"65.14231533","",NA,NA,NA,NA,NA,"",NA,"",""
"2526","GF26_A2_d31_Cwash","","D","7.54","GF26","","C09","UDI Plate 06","AM-F0538","AM-R0538","colon","A2","F",NA,NA,"31",NA,NA,"10",NA,NA,NA,NA,NA,"no","",6940283,816195,"65.14231533","",NA,NA,NA,NA,NA,"",NA,"",""
"2527","GF26_A3_d31_Cwash","","D","3.96","GF26","","C10","UDI Plate 06","AM-F0539","AM-R0539","colon","A3","F",NA,NA,"31",NA,NA,"10",NA,NA,NA,NA,NA,"no","",5289268,96781,"65.14231533","",NA,NA,NA,NA,NA,"",NA,"",""
"2528","GF26_A3_d63_stool","","D","0.56","GF26","","D03","UDI Plate 06","AM-F0544","AM-R0544","stool","A3","F","yes",NA,"63",NA,"meropenem/probenecid","10","0","beforemero","beforemero",NA,NA,"no","",2230327,473058,"65.14231533","",NA,NA,NA,NA,NA,"",NA,"",""
"2529","GF26_A4_d63_stool","","D","0.79","GF26","","D04","UDI Plate 06","AM-F0545","AM-R0545","stool","A4","F","yes",NA,"63",NA,"meropenem/probenecid","10","0","beforemero","beforemero",NA,NA,"no","",2930464,908641,"65.14231533","",NA,NA,NA,NA,NA,"",NA,"",""
"2531","GF26_A6_d63_stool","","D","2.86","GF26","","D05","UDI Plate 06","AM-F0546","AM-R0546","stool","A6","F","yes",NA,"63",NA,"meropenem/probenecid","10","0","beforemero","beforemero",NA,NA,"no","",2097577,1490352,"65.14231533","",NA,NA,NA,NA,NA,"",NA,"",""
"2532","GF26_A6_d64_stool","","D","1.53","GF26","","E02","UDI Plate 06","AM-F0555","AM-R0555","stool","A6","F","yes",NA,"64",NA,"meropenem/probenecid","11","1","duringmero","duringmero",NA,NA,"no","",2103641,1024494,"65.14231533","",NA,NA,NA,NA,NA,"",NA,"",""
"2533","GF26_A7_d63_stool","","D","1.73","GF26","","D06","UDI Plate 06","AM-F0547","AM-R0547","stool","A7","F","yes",NA,"63",NA,"meropenem/probenecid","10","0","beforemero","beforemero",NA,NA,"no","",2613674,1102153,"65.14231533","",NA,NA,NA,NA,NA,"",NA,"",""
"2534","GF26_A8_d63_stool","","D","7.43","GF26","","D07","UDI Plate 06","AM-F0548","AM-R0548","stool","A8","M","yes",NA,"63",NA,"meropenem/probenecid","10","0","beforemero","beforemero",NA,NA,"no","",2843239,2101573,"65.14231533","",NA,NA,NA,NA,NA,"",NA,"",""
"2535","GF26_A8_d64a_stool","","D","2.35","GF26","","D09","UDI Plate 06","AM-F0550","AM-R0550","stool","A8","M","yes",NA,"64",NA,"meropenem/probenecid","11","1","duringmero","duringmero",NA,NA,"no","Maybe misdate?",2554449,687072,"65.14231533","",NA,NA,NA,NA,NA,"",NA,"",""
"2553","GF28_A1_d74_stool","","D","36.1","GF28","","G01","UDI Plate 05","AM-F0482","AM-R0482","stool","A1","M","yes",NA,"74",NA,"ampicillin/probenecid","11","1","duringamp","duringamp",NA,NA,"no","",2556090,1920403,"65.14231533","",NA,NA,NA,NA,NA,"",NA,"",""
"2554","GF28_A1_d76_Cwash","","D","5.37","GF28","","D09","UDI Plate 05","AM-F0454","AM-R0454","colon","A1","M","yes",NA,"76",NA,"ampicillin/probenecid","13","3","afteramp","afteramp",NA,NA,"no","",3181918,632334,"65.14231533","",NA,NA,NA,NA,NA,"",NA,"",""
"2556","GF28_A2_d39_stool","","D","62.34","GF28","","B06","UDI Plate 06","AM-F0523","AM-R0523","stool","A2","M","yes",NA,"39",NA,"meropenem/probenecid","11","1","duringmero","duringmero",NA,NA,"no","",2021287,1259493,"65.14231533","",NA,NA,NA,NA,NA,"",NA,"",""
"2557","GF28_A2_d41_Cwash","","D","1.29","GF28","","B10","UDI Plate 06","AM-F0527","AM-R0527","colon","A2","M","yes",NA,"41",NA,"meropenem/probenecid","13","3","aftermero","aftermero",NA,NA,"no","",7046172,327131,"65.14231533","",NA,NA,NA,NA,NA,"",NA,"",""
"2558","GF28_A2_d75_stool","","D","23.45","GF28","","G03","UDI Plate 05","AM-F0484","AM-R0484","stool","A2","M","yes",NA,"75",NA,"ampicillin/probenecid","12","2","duringamp","duringamp",NA,NA,"no","",2440844,1804135,"65.14231533","",NA,NA,NA,NA,NA,"",NA,"",""
"2559","GF28_A2_d76_Cwash","","D","9.01","GF28","","D10","UDI Plate 05","AM-F0455","AM-R0455","colon","A2","M","yes",NA,"76",NA,"ampicillin/probenecid","13","3","afteramp","afteramp",NA,NA,"no","",5833253,260973,"65.14231533","",NA,NA,NA,NA,NA,"",NA,"",""
"2560","GF28_A3_d38_stool","","D","0.22","GF28","","B05","UDI Plate 06","AM-F0522","AM-R0522","stool","A3","F","yes",NA,"38",NA,"meropenem/probenecid","10","0","beforemero","beforemero",NA,NA,"no","",3531479,387962,"65.14231533","",NA,NA,NA,NA,NA,"",NA,"",""
"2562","GF28_A3_d74_stool","","D","20.09","GF28","","F12","UDI Plate 05","AM-F0481","AM-R0481","stool","A3","F","yes",NA,"74",NA,"ampicillin/probenecid","11","1","duringamp","duringamp",NA,NA,"no","",2261100,1290248,"65.14231533","",NA,NA,NA,NA,NA,"",NA,"",""
"2563","GF28_A3_d76_Cwash","","D","13.16","GF28","","D11","UDI Plate 05","AM-F0456","AM-R0456","colon","A3","F","yes",NA,"76",NA,"ampicillin/probenecid","13","3","afteramp","afteramp",NA,NA,"no","",9262243,276063,"65.14231533","",NA,NA,NA,NA,NA,"",NA,"",""
"2564","GF28_A4_d41_Cwash","","D","0.47","GF28","","B12","UDI Plate 06","AM-F0529","AM-R0529","colon","A4","M","yes",NA,"41",NA,"meropenem/probenecid","13","3","aftermero","aftermero",NA,NA,"no","",7606479,72564,"65.14231533","",NA,NA,NA,NA,NA,"",NA,"",""
"2565","GF28_A4_d76_Cwash","","D","5.8","GF28","","D12","UDI Plate 05","AM-F0457","AM-R0457","colon","A4","M","yes",NA,"76",NA,"ampicillin/probenecid","13","3","afteramp","afteramp",NA,NA,"no","",6901207,236455,"65.14231533","",NA,NA,NA,NA,NA,"",NA,"",""
"2566","GF28_A5_d73_stool","","D","3.29","GF28","","D06","UDI Plate 05","AM-F0451","AM-R0451","stool","A5","M","yes",NA,"73",NA,"ampicillin/probenecid","10","0","beforeamp","beforeamp",NA,NA,"no","",3156157,2066216,"65.14231533","",NA,NA,NA,NA,NA,"",NA,"",""
"2567","GF28_A5_d76_Cwash","","D","7.9","GF28","","E01","UDI Plate 05","AM-F0458","AM-R0458","colon","A5","M","yes",NA,"76",NA,"ampicillin/probenecid","13","3","afteramp","afteramp",NA,NA,"no","",6427262,347969,"65.14231533","",NA,NA,NA,NA,NA,"",NA,"",""
"2568","GF28_A6_d74_stool","","D","32.14","GF28","","F11","UDI Plate 05","AM-F0480","AM-R0480","stool","A6","F","yes",NA,"74",NA,"ampicillin/probenecid","11","1","duringamp","duringamp",NA,NA,"no","",2348780,1538798,"65.14231533","",NA,NA,NA,NA,NA,"",NA,"",""
"2569","GF28_A6_d76_Cwash","","D","4.2","GF28","","E02","UDI Plate 05","AM-F0459","AM-R0459","colon","A6","F","yes",NA,"76",NA,"ampicillin/probenecid","13","3","afteramp","afteramp",NA,NA,"no","",6153518,424790,"65.14231533","",NA,NA,NA,NA,NA,"",NA,"",""
"2570","GF28_AC1_d73_Cwash","","D","1.08","GF28","","D01","UDI Plate 05","AM-F0446","AM-R0446","colon","AC1","F","yes",NA,"73",NA,NA,"10",NA,NA,NA,NA,NA,"no","8h post sacrifice",7845713,1868268,"65.14231533","",NA,NA,NA,NA,NA,"",NA,"",""
"2571","GF28_AC2_d73_Cwash","","D","0.23","GF28","","D02","UDI Plate 05","AM-F0447","AM-R0447","colon","AC2","F","yes",NA,"73",NA,NA,"10",NA,NA,NA,NA,NA,"no","8h post sacrifice",10835350,1816412,"65.14231533","",NA,NA,NA,NA,NA,"",NA,"",""
"2572","GF28_AC3_d73_Cwash","","D","0.58","GF28","","D03","UDI Plate 05","AM-F0448","AM-R0448","colon","AC3","M","yes",NA,"73",NA,NA,"10",NA,NA,NA,NA,NA,"no","8h post sacrifice",75501390,17280032,"65.14231533","",NA,NA,NA,NA,NA,"",NA,"",""
"2573","GF28_AC4_d73_Cwash","","D","0.37","GF28","","D04","UDI Plate 05","AM-F0449","AM-R0449","colon","AC4","M","yes",NA,"73",NA,NA,"10",NA,NA,NA,NA,NA,"no","8h post sacrifice",7800632,1312612,"65.14231533","",NA,NA,NA,NA,NA,"",NA,"",""
"2574","GF28_AC5_d73_Cwash","","D","0.27","GF28","","D05","UDI Plate 05","AM-F0450","AM-R0450","colon","AC5","M","yes",NA,"73",NA,NA,"10",NA,NA,NA,NA,NA,"no","8h post sacrifice",8013304,1467795,"65.14231533","",NA,NA,NA,NA,NA,"",NA,"",""
"2575","GF28_B1_d30_Cwash","","D","0.38","GF28","","A11","UDI Plate 06","AM-F0516","AM-R0516","colon","B1","F","yes",NA,"30",NA,"PBSx1","10","0",NA,NA,NA,NA,"no","",6979976,1128705,"65.14231533","",NA,NA,NA,NA,NA,"",NA,"",""
"2576","GF28_B1_d68_Cwash","","D","3.76","GF28","","F05","UDI Plate 05","AM-F0474","AM-R0474","colon","B1","M","yes",NA,"68",NA,"meropenem/probenecid","13","3","aftermero","aftermero",NA,NA,"no","",8020739,63293,"65.14231533","",NA,NA,NA,NA,NA,"",NA,"",""
"2577","GF28_B2_d30_Cwash","","D","0.74","GF28","","A12","UDI Plate 06","AM-F0517","AM-R0517","colon","B2","F","yes",NA,"30",NA,"PBSx1","10","0",NA,NA,NA,NA,"no","",5777580,74568,"65.14231533","",NA,NA,NA,NA,NA,"",NA,"",""
"2578","GF28_B2_d65_stool","","D","4.27","GF28","","E11","UDI Plate 05","AM-F0468","AM-R0468","stool","B2","M","yes",NA,"65",NA,"meropenem/probenecid","10","0","beforemero","beforemero",NA,NA,"no","",2415475,1012043,"65.14231533","",NA,NA,NA,NA,NA,"",NA,"",""
"2579","GF28_B2_d67_stool","","D","8.93","GF28","","E12","UDI Plate 05","AM-F0469","AM-R0469","stool","B2","M","yes",NA,"67",NA,"meropenem/probenecid","12","2","duringmero","duringmero",NA,NA,"no","",2677574,1856368,"65.14231533","",NA,NA,NA,NA,NA,"",NA,"",""
"2581","GF28_B3_d30_Cwash","","D","0.32","GF28","","B01","UDI Plate 06","AM-F0518","AM-R0518","colon","B3","F","yes",NA,"30",NA,"meropenem/probenecidx1","10","0",NA,NA,NA,NA,"no","",9058840,1192803,"65.14231533","",NA,NA,NA,NA,NA,"",NA,"",""
"2582","GF28_B3_d67_stool","","D","8.82","GF28","","F04","UDI Plate 05","AM-F0473","AM-R0473","stool","B3","F","yes",NA,"67",NA,"meropenem/probenecid","12","2","duringmero","duringmero",NA,NA,"no","",2521238,1482804,"65.14231533","",NA,NA,NA,NA,NA,"",NA,"",""
"2584","GF28_B4_d30_Cwash","","D","0.08","GF28","","B02","UDI Plate 06","AM-F0519","AM-R0519","colon","B4","F","yes",NA,"30",NA,"meropenem/probenecidx1","10","0",NA,NA,NA,NA,"no","",4803999,175915,"65.14231533","",NA,NA,NA,NA,NA,"",NA,"",""
"2585","GF28_B4_d67_stool","","D","2.5","GF28","","F03","UDI Plate 05","AM-F0472","AM-R0472","stool","B4","F","yes",NA,"67",NA,"meropenem/probenecid","12","2","duringmero","duringmero",NA,NA,"no","",3982325,70303,"65.14231533","",NA,NA,NA,NA,NA,"",NA,"",""
"2587","GF28_B6_d66_stool","","D","5","GF28","","F02","UDI Plate 05","AM-F0471","AM-R0471","stool","B6","M","no","11","66",NA,"ampicillin/probenecid","11","1","duringamp","duringamp",NA,NA,"no","",2915209,107670,"65.14231533","",NA,NA,NA,NA,NA,"",NA,"",""
"2594","GF28_C1_d40_stool","","D","2.46","GF28","","B08","UDI Plate 06","AM-F0525","AM-R0525","stool","C1","M","yes",NA,"40",NA,"ampicillin/probenecid","12","2","duringamp","duringamp",NA,NA,"no","",3712750,1128649,"65.14231533","",NA,NA,NA,NA,NA,"",NA,"",""
"2596","GF28_C1_d73_stool","","D","0.56","GF28","","D07","UDI Plate 05","AM-F0452","AM-R0452","stool","C1","F","yes",NA,"73",NA,"probenecid","10","0","beforepro","beforepro",NA,NA,"no","",3081271,1449307,"65.14231533","",NA,NA,NA,NA,NA,"",NA,"",""
"2597","GF28_C1_d76_Cwash","","D","4.97","GF28","","E03","UDI Plate 05","AM-F0460","AM-R0460","colon","C1","F","yes",NA,"76",NA,"probenecid","13","3","afterpro","afterpro",NA,NA,"no","",8667689,495989,"65.14231533","",NA,NA,NA,NA,NA,"",NA,"",""
"2598","GF28_C2_d38_stool","","D","0.25","GF28","","B03","UDI Plate 06","AM-F0520","AM-R0520","stool","C2","M","yes",NA,"38",NA,"ampicillin/probenecid","10","0","beforeamp","beforeamp",NA,NA,"no","",3599237,414059,"65.14231533","",NA,NA,NA,NA,NA,"",NA,"",""
"2599","GF28_C2_d39_stool","","D","16.41","GF28","","B07","UDI Plate 06","AM-F0524","AM-R0524","stool","C2","M","yes",NA,"39",NA,"ampicillin/probenecid","11","1","duringamp","duringamp",NA,NA,"no","",2963427,587450,"65.14231533","",NA,NA,NA,NA,NA,"",NA,"",""
"2601","GF28_C2_d75_stool","","D","41.79","GF28","","G02","UDI Plate 05","AM-F0483","AM-R0483","stool","C2","F","yes",NA,"75",NA,"probenecid","12","2","duringpro","duringpro",NA,NA,"no","",3453797,747698,"65.14231533","",NA,NA,NA,NA,NA,"",NA,"",""
"2604","GF28_C5_d73_stool","","D","0.53","GF28","","D08","UDI Plate 05","AM-F0453","AM-R0453","stool","C5","M","yes",NA,"73",NA,"probenecid","10","0","beforepro","beforepro",NA,NA,"no","",4279408,1799363,"65.14231533","",NA,NA,NA,NA,NA,"",NA,"",""
"2908","GF13_A1_d65_colon","308.01 (5/19/12)","D","10.8","GF13","3","A12","7","AM-F0591","AM-R0613","colon","A_2_1","M","yes",NA,"65","","none","21",NA,"none","none",NA,NA,"no","",4327813,2113639,"48.83850111","",NA,NA,NA,NA,NA,"",NA,"",""
"2909","GF13_A10_d65_colon","308.01 (5/19/12)","D","20.9","GF13","3","B9","7","AM-F0605","AM-R0622","colon","A_2_10","M","yes",NA,"65","","none","21",NA,"none","none",NA,NA,"no","",2118598,995025,"46.96620123","",NA,NA,NA,NA,NA,"",NA,"",""
"2910","GF13_A2_d65_colon","308.01 (5/19/12)","D","23.1","GF13","3","B1","7","AM-F0606","AM-R0614","colon","A_2_2","M","yes",NA,"65","","none","21",NA,"none","none",NA,NA,"no","",1030415,524435,"50.89551297","",NA,NA,NA,NA,NA,"",NA,"",""
"2911","GF13_A3_d65_colon","308.01 (5/19/12)","D","25.5","GF13","3","B2","7","AM-F0607","AM-R0615","colon","A_2_3","M","yes",NA,"65","","none","21",NA,"none","none",NA,NA,"no","",1063561,537969,"50.58186601","",NA,NA,NA,NA,NA,"",NA,"",""
"2912","GF13_A4_d65_colon","308.01 (5/19/12)","D","10.7","GF13","3","B3","7","AM-F0601","AM-R0616","colon","A_2_4","F","yes",NA,"65","","none","21",NA,"none","none",NA,NA,"no","",1089812,509953,"46.79274958","",NA,NA,NA,NA,NA,"",NA,"",""
"2913","GF13_A5_d65_colon","308.01 (5/19/12)","D","20.5","GF13","3","B4","7","AM-F0619","AM-R0617","colon","A_2_5","M","yes",NA,"65","","none","21",NA,"none","none",NA,NA,"no","",1581230,1081529,"68.39795602","",NA,NA,NA,NA,NA,"",NA,"",""
"2914","GF13_A6_d65_colon","308.01 (5/19/12)","D","23.7","GF13","3","B5","7","AM-F0623","AM-R0618","colon","A_2_6","M","yes",NA,"65","","none","21",NA,"none","none",NA,NA,"no","",1188070,784364,"66.02001566","",NA,NA,NA,NA,NA,"",NA,"",""
"2915","GF13_A7_d65_colon","308.01 (5/19/12)","D","15.4","GF13","3","B6","7","AM-F0596","AM-R0619","colon","A_2_7","F","yes",NA,"65","","none","21",NA,"none","none",NA,NA,"no","",1426941,592726,"41.53822758","",NA,NA,NA,NA,NA,"",NA,"",""
"2916","GF13_A8_d65_colon","308.01 (5/19/12)","D","15.7","GF13","3","B7","7","AM-F0609","AM-R0620","colon","A_2_8","M","yes",NA,"65","","none","21",NA,"none","none",NA,NA,"no","",995344,423604,"42.55855262","",NA,NA,NA,NA,NA,"",NA,"",""
"2917","GF13_A9_d65_colon","308.01 (5/19/12)","D","28.4","GF13","3","B8","7","AM-F0624","AM-R0621","colon","A_2_9","M","yes",NA,"65","","none","21",NA,"none","none",NA,NA,"no","",1384486,629724,"45.48431692","",NA,NA,NA,NA,NA,"",NA,"",""
